check_group,ASIN,live_title,live_title_chars,live_status,price,sku,parent_asin,bullet_points,planned_final_title,title_already_final,updated_at
1-CRUISE_PLACEHOLDER,B0GPRCPJXY,"Magnet Me Up Custom Cruise Ship Magnet - Birthday Cake Theme -8"" Inches, Personalized Magnet with Photo, Name & Birthdate - UV Printed Refrigerator & Cruise Door Decor - Made in USA",181,Active,17.99,CCRUISE-48,B0GLKFVNTX,"𝗖𝘂𝘀𝘁𝗼𝗺 𝗰𝗿𝘂𝗶𝘀𝗲 𝘀𝗵𝗶𝗽 𝗯𝗶𝗿𝘁𝗵𝗱𝗮𝘆 𝗺𝗮𝗴𝗻𝗲𝘁 - Personalized cruise ship magnet featuring a fun birthday cake theme, customized with your photo, name, and birthdate to create a memorable decoration and keepsake for birthday cruises. | 𝗛𝗲𝗮𝘃𝘆-𝗗𝘂𝘁𝘆 𝟯𝟬 𝗠𝗶𝗹 𝗠𝗮𝗴𝗻𝗲𝘁𝗶𝗰 𝗩𝗶𝗻𝘆𝗹 - Thick, durable magnetic material designed to hold securely on cruise ship doors and other metal surfaces. | 𝗙𝗮𝗱𝗲-𝗥𝗲𝘀𝗶𝘀𝘁𝗮𝗻𝘁 𝗨𝗩 𝗣𝗿𝗶𝗻𝘁𝗶𝗻𝗴 – Professionally printed with UV ink to ensure vibrant colors that won’t fade in sun or ocean light. | 𝗣𝗲𝗿𝗳𝗲𝗰𝘁 𝗳𝗼𝗿 𝗖𝗿𝘂𝗶𝘀𝗲𝘀 & 𝗧𝗿𝗮𝘃𝗲𝗹 – Great for decorating cruise cabin doors, lockers, or metal surfaces to easily spot your room. Designed and printed in the United States | 𝗣𝗿𝗼𝗽𝗲𝗿 𝗨𝘀𝗲 & 𝗖𝗮𝗿𝗲 – Designed for clean, flat, dry metal surfaces; for best results, remove weekly to clean both the magnet and surface. Friendly reminder: please confirm your cruise door or surface is magnetic prior to ordering.","Custom Birthday Custom Cruise Door Magnet 8 Inch, Personalized, Made in USA",NO,2026-09-01T08:33:18.602Z
1-CRUISE_PLACEHOLDER,B0GPRTFYFK,"Magnet Me Up Custom Cruise Ship Magnet - Birthday Cake Theme -12"" Inches, Personalized Magnet with Photo, Name & Birthdate - UV Printed Refrigerator & Cruise Door Decor - Made in USA",182,Active,23.99,CCRUISE-49,B0GLKFVNTX,"𝗖𝘂𝘀𝘁𝗼𝗺 𝗰𝗿𝘂𝗶𝘀𝗲 𝘀𝗵𝗶𝗽 𝗯𝗶𝗿𝘁𝗵𝗱𝗮𝘆 𝗺𝗮𝗴𝗻𝗲𝘁 - Personalized cruise ship magnet featuring a fun birthday cake theme, customized with your photo, name, and birthdate to create a memorable decoration and keepsake for birthday cruises. | 𝗛𝗲𝗮𝘃𝘆-𝗗𝘂𝘁𝘆 𝟯𝟬 𝗠𝗶𝗹 𝗠𝗮𝗴𝗻𝗲𝘁𝗶𝗰 𝗩𝗶𝗻𝘆𝗹 - Thick, durable magnetic material designed to hold securely on cruise ship doors and other metal surfaces. | 𝗙𝗮𝗱𝗲-𝗥𝗲𝘀𝗶𝘀𝘁𝗮𝗻𝘁 𝗨𝗩 𝗣𝗿𝗶𝗻𝘁𝗶𝗻𝗴 – Professionally printed with UV ink to ensure vibrant colors that won’t fade in sun or ocean light. | 𝗣𝗲𝗿𝗳𝗲𝗰𝘁 𝗳𝗼𝗿 𝗖𝗿𝘂𝗶𝘀𝗲𝘀 & 𝗧𝗿𝗮𝘃𝗲𝗹 – Great for decorating cruise cabin doors, lockers, or metal surfaces to easily spot your room. Designed and printed in the United States | 𝗣𝗿𝗼𝗽𝗲𝗿 𝗨𝘀𝗲 & 𝗖𝗮𝗿𝗲 – Designed for clean, flat, dry metal surfaces; for best results, remove weekly to clean both the magnet and surface. Friendly reminder: please confirm your cruise door or surface is magnetic prior to ordering.","Custom Birthday Cruise Door Magnet 12 Inch, Personalized, Made in USA",NO,2026-09-01T08:33:18.602Z
1-CRUISE_PLACEHOLDER,B0GLHYCFSX,"Magnet Me Up Custom Cruise Ship Magnet - Birthday Cake Theme -9x10 Inches, Personalized Magnet with Photo, Name & Birthdate - UV Printed Refrigerator & Cruise Door Decor - Made in USA",183,Active,21.99,CCRUISE-22,B0GLKFVNTX,"𝗖𝘂𝘀𝘁𝗼𝗺 𝗰𝗿𝘂𝗶𝘀𝗲 𝘀𝗵𝗶𝗽 𝗯𝗶𝗿𝘁𝗵𝗱𝗮𝘆 𝗺𝗮𝗴𝗻𝗲𝘁 - Personalized cruise ship magnet featuring a fun birthday cake theme, customized with your photo, name, and birthdate to create a memorable decoration and keepsake for birthday cruises. | 𝗛𝗲𝗮𝘃𝘆-𝗗𝘂𝘁𝘆 𝟯𝟬 𝗠𝗶𝗹 𝗠𝗮𝗴𝗻𝗲𝘁𝗶𝗰 𝗩𝗶𝗻𝘆𝗹 - Thick, durable magnetic material designed to hold securely on cruise ship doors and other metal surfaces. | 𝗙𝗮𝗱𝗲-𝗥𝗲𝘀𝗶𝘀𝘁𝗮𝗻𝘁 𝗨𝗩 𝗣𝗿𝗶𝗻𝘁𝗶𝗻𝗴 – Professionally printed with UV ink to ensure vibrant colors that won’t fade in sun or ocean light. | 𝗣𝗲𝗿𝗳𝗲𝗰𝘁 𝗳𝗼𝗿 𝗖𝗿𝘂𝗶𝘀𝗲𝘀 & 𝗧𝗿𝗮𝘃𝗲𝗹 – Great for decorating cruise cabin doors, lockers, or metal surfaces to easily spot your room. Designed and printed in the United States | 𝗣𝗿𝗼𝗽𝗲𝗿 𝗨𝘀𝗲 & 𝗖𝗮𝗿𝗲 – Designed for clean, flat, dry metal surfaces; for best results, remove weekly to clean both the magnet and surface. Friendly reminder: please confirm your cruise door or surface is magnetic prior to ordering.","Custom Birthday Cruise Door Magnet 10 Inch, Personalized, Made in USA",NO,2026-09-01T08:33:18.602Z
1-CRUISE_PLACEHOLDER,B0BY3B9FL5,"Magnet Me Up This Side Up Right Side Up Pineapple with Sunglasses Magnet Decal, 3x6 Inch, Heavy Duty Automotive Magnet for Car, Truck, SUV, Cruise Ship Door, Any Magnetic Surface, Crafted in USA",194,Active,8.99,M-98,B0BPVLGK2Y,"Dress up your space; we have a design for every personality. Whether you want to show pride for your country, make the driver behind you smile, or give an awesome gift, we have something for everyone | Crafted from strong and durable magnetic vinyl; this ensures that the magnet adheres securely to metal surfaces and will maintain its magnetic strength over time. Our magnets are waterproof and heat resistant, which makes them ideal for outdoor use. We make our magnets with UV-resistant inks so that they do not fade over time from sun exposure | Endless possibilities; our heavy-duty magnets are ideal for use on cars, trucks, SUVs, mailboxes, refrigerators, toolboxes, etc. Easily removable and reusable, you can proudly display this flexible magnet in a plethora of spaces. Please ensure that your surface is composed of steel rather than fiberglass, plastic, or aluminum. Magnets will not stick to non-metal surfaces | Crafted in the USA; we uphold our commitment to American craftsmanship by producing all our products in the USA | Quality and satisfaction assurance; we manufacture our magnets to meet high standards. If you experience anything less than perfection, we ask for you to reach out to us so we can make it right","This Side Up Right Side Up Cruise Door Magnet 3x6 Inch, Personalized",NO,2026-09-01T08:33:18.602Z
1-CRUISE_PLACEHOLDER,B0F1NJWF6B,"Magnet Me Up Friends Don't Let Friends Cruise Alone Custom Text Magnetic Decal – 8x10 Inch, Personalized Cruise Door Magnet for Ships, Cabin Decoration – Add Your Own Text – Full-Color, Made in USA",197,Active,19.99,CCRUISE-12,B0GKQ4J9QM,"Embrace the spirit of adventure with our customizable wanderlust compass magnet; navigate your way through life's adventures with our enchanting magnet. Crafted for the free spirits and intrepid explorers, this magnet serves as a beacon of wanderlust and a reminder that every journey is a treasure trove of discovery. | Versatile and durable; made from high-quality magnetic vinyl, our custom magnets stick to refrigerators, lockers, and more. They're waterproof, heat-resistant, and even suitable for outdoor use. | Special event ready; use our customizable magnets for save the dates, invites and so much more ensuring your loved ones never miss a gathering. | Vibrant and resilient; our cuise ship magnet boasts high-resolution printing on 30 mil thick magnetic vinyl. UV-resistant inks ensure a fade-resistant, colorful finish. | Gifts and decor; personalized magnets make excellent gifts, perfect for home decoration, lockers, name tags, and offices. Surprise your loved ones with cherished memories.","Friends Don't Let Friends Alone Cruise Door Magnet 8x10 Inch, Personalized",NO,2026-09-01T08:33:18.602Z
1-CRUISE_PLACEHOLDER,B0F1NJTH4K,"Magnet Me Up Friends Don't Let Friends Cruise Alone Custom Text Magnetic Decal – 6.5x7.5 Inch, Personalized Cruise Door Magnet for Ships, Cabin Decoration – Add Your Own Text – Full-Color, Made in USA",200,Active,17.99,CCRUISE-11,B0GKQ4J9QM,"🧲 Embrace the spirit of adventure with our customizable wanderlust compass magnet; navigate your way through life's adventures with our enchanting magnet. Crafted for the free spirits and intrepid explorers, this magnet serves as a beacon of wanderlust and a reminder that every journey is a treasure trove of discovery. | 🧲 Versatile and durable; made from high-quality magnetic vinyl, our custom magnets stick to refrigerators, lockers, and more. They're waterproof, heat-resistant, and even suitable for outdoor use. | 🧲 Special event ready; use our customizable magnets for save the dates, invites and so much more ensuring your loved ones never miss a gathering. | 🧲 Vibrant and resilient; our cruise ship magnet boasts high-resolution printing on 30 mil thick magnetic vinyl. UV-resistant inks ensure a fade-resistant, colorful finish. | 🧲 Gifts and decor; personalized magnets make excellent gifts, perfect for home decoration, lockers, name tags, and offices. Surprise your loved ones with cherished memories.","Friends Don't Let Friends Cruise Door Magnet 6.5x7.5 Inch, Personalized",NO,2026-09-01T08:33:18.602Z
1-CRUISE_PLACEHOLDER,B0GN4J3D81,"Magnet Me Up Cruise Door Magnets 2026 - Tropical Pineapple Club Cabin Decorations- 10 Inch, Personalized with Name, Magnetic Sign for Cruise Ship Stateroom Door, Vacation Party Decor, Made in USA",195,Active,21.99,CCRUISE-36,B0GN44HJVX,"𝗜𝗱𝗲𝗻𝘁𝗶𝗳𝘆 𝗬𝗼𝘂𝗿 𝗖𝗮𝗯𝗶𝗻 𝗜𝗻𝘀𝘁𝗮𝗻𝘁𝗹𝘆- Don’t get lost in the sea of identical hallways! This large, colorful magnet makes it easy for family and friends to spot your stateroom from a distance, adding a personal touch to your home away from home. | 𝗛𝗲𝗮𝘃𝘆-𝗗𝘂𝘁𝘆 𝟯𝟬 𝗠𝗶𝗹 𝗠𝗮𝗴𝗻𝗲𝘁𝗶𝗰 𝗩𝗶𝗻𝘆𝗹 - Thick, durable magnetic material designed to hold securely on cruise ship doors and other metal surfaces. | 𝗙𝗮𝗱𝗲-𝗥𝗲𝘀𝗶𝘀𝘁𝗮𝗻𝘁 𝗨𝗩 𝗣𝗿𝗶𝗻𝘁𝗶𝗻𝗴 – Professionally printed with UV ink to ensure vibrant colors that won’t fade in sun or ocean light. | 𝗣𝗲𝗿𝗳𝗲𝗰𝘁 𝗳𝗼𝗿 𝗖𝗿𝘂𝗶𝘀𝗲𝘀 & 𝗧𝗿𝗮𝘃𝗲𝗹 – Great for decorating cruise cabin doors, lockers, or metal surfaces to easily spot your room. Designed and printed in the United States | 𝗣𝗿𝗼𝗽𝗲𝗿 𝗨𝘀𝗲 & 𝗖𝗮𝗿𝗲 – Designed for clean, flat, dry metal surfaces; for best results, remove weekly to clean both the magnet and surface. Friendly reminder: please confirm your cruise door or surface is magnetic prior to ordering.","Custom Cruise Door Magnet 10 Inch, Personalized, Tropical Pineapple Club",NO,2026-09-01T08:26:27.800Z
1-CRUISE_PLACEHOLDER,B0GN5BDL46,"Magnet Me Up Cruise Door Magnets 2026 - Tropical Pineapple Club Cabin Decorations- 8 Inch, Personalized with Name, Magnetic Sign for Cruise Ship Stateroom Door, Vacation Party Decor, Made in USA",194,Active,17.99,CCRUISE-35,B0GN44HJVX,"𝗜𝗱𝗲𝗻𝘁𝗶𝗳𝘆 𝗬𝗼𝘂𝗿 𝗖𝗮𝗯𝗶𝗻 𝗜𝗻𝘀𝘁𝗮𝗻𝘁𝗹𝘆- Don’t get lost in the sea of identical hallways! This large, colorful magnet makes it easy for family and friends to spot your stateroom from a distance, adding a personal touch to your home away from home. | 𝗛𝗲𝗮𝘃𝘆-𝗗𝘂𝘁𝘆 𝟯𝟬 𝗠𝗶𝗹 𝗠𝗮𝗴𝗻𝗲𝘁𝗶𝗰 𝗩𝗶𝗻𝘆𝗹 - Thick, durable magnetic material designed to hold securely on cruise ship doors and other metal surfaces. | 𝗙𝗮𝗱𝗲-𝗥𝗲𝘀𝗶𝘀𝘁𝗮𝗻𝘁 𝗨𝗩 𝗣𝗿𝗶𝗻𝘁𝗶𝗻𝗴 – Professionally printed with UV ink to ensure vibrant colors that won’t fade in sun or ocean light. | 𝗣𝗲𝗿𝗳𝗲𝗰𝘁 𝗳𝗼𝗿 𝗖𝗿𝘂𝗶𝘀𝗲𝘀 & 𝗧𝗿𝗮𝘃𝗲𝗹 – Great for decorating cruise cabin doors, lockers, or metal surfaces to easily spot your room. Designed and printed in the United States | 𝗣𝗿𝗼𝗽𝗲𝗿 𝗨𝘀𝗲 & 𝗖𝗮𝗿𝗲 – Designed for clean, flat, dry metal surfaces; for best results, remove weekly to clean both the magnet and surface. Friendly reminder: please confirm your cruise door or surface is magnetic prior to ordering.","Custom Cruise Door Magnet 8 Inch, Personalized, Tropical Pineapple Club",NO,2026-09-01T08:26:27.800Z
1-CRUISE_PLACEHOLDER,B0GHS1JF73,"Magnet Me Up Cruise Door Magnets 2026 - Tropical Pineapple Club Cabin Decorations- 6 Inch, Personalized with Name, Magnetic Sign for Cruise Ship Stateroom Door, Vacation Party Decor, Made in USA",194,Active,14.99,CCRUISE-21,B0GN44HJVX,"𝗜𝗱𝗲𝗻𝘁𝗶𝗳𝘆 𝗬𝗼𝘂𝗿 𝗖𝗮𝗯𝗶𝗻 𝗜𝗻𝘀𝘁𝗮𝗻𝘁𝗹𝘆- Don’t get lost in the sea of identical hallways! This large, colorful magnet makes it easy for family and friends to spot your stateroom from a distance, adding a personal touch to your home away from home. | 𝗛𝗲𝗮𝘃𝘆-𝗗𝘂𝘁𝘆 𝟯𝟬 𝗠𝗶𝗹 𝗠𝗮𝗴𝗻𝗲𝘁𝗶𝗰 𝗩𝗶𝗻𝘆𝗹 - Thick, durable magnetic material designed to hold securely on cruise ship doors and other metal surfaces. | 𝗙𝗮𝗱𝗲-𝗥𝗲𝘀𝗶𝘀𝘁𝗮𝗻𝘁 𝗨𝗩 𝗣𝗿𝗶𝗻𝘁𝗶𝗻𝗴 – Professionally printed with UV ink to ensure vibrant colors that won’t fade in sun or ocean light. | 𝗣𝗲𝗿𝗳𝗲𝗰𝘁 𝗳𝗼𝗿 𝗖𝗿𝘂𝗶𝘀𝗲𝘀 & 𝗧𝗿𝗮𝘃𝗲𝗹 – Great for decorating cruise cabin doors, lockers, or metal surfaces to easily spot your room. Designed and printed in the United States | 𝗣𝗿𝗼𝗽𝗲𝗿 𝗨𝘀𝗲 & 𝗖𝗮𝗿𝗲 – Designed for clean, flat, dry metal surfaces; for best results, remove weekly to clean both the magnet and surface. Friendly reminder: please confirm your cruise door or surface is magnetic prior to ordering.","Custom Cruise Door Magnet 6 Inch, Personalized, Tropical Pineapple Club",NO,2026-09-01T08:33:18.602Z
1-CRUISE_PLACEHOLDER,B0GN3TLM47,"Magnet Me Up Cruise Door Magnets 2026 - Tropical Pineapple Club Cabin Decorations- 12 Inch, Personalized with Name, Magnetic Sign for Cruise Ship Stateroom Door, Vacation Party Decor, Made in USA",195,Active,23.99,CCRUISE-37,B0GN44HJVX,"𝗜𝗱𝗲𝗻𝘁𝗶𝗳𝘆 𝗬𝗼𝘂𝗿 𝗖𝗮𝗯𝗶𝗻 𝗜𝗻𝘀𝘁𝗮𝗻𝘁𝗹𝘆- Don’t get lost in the sea of identical hallways! This large, colorful magnet makes it easy for family and friends to spot your stateroom from a distance, adding a personal touch to your home away from home. | 𝗛𝗲𝗮𝘃𝘆-𝗗𝘂𝘁𝘆 𝟯𝟬 𝗠𝗶𝗹 𝗠𝗮𝗴𝗻𝗲𝘁𝗶𝗰 𝗩𝗶𝗻𝘆𝗹 - Thick, durable magnetic material designed to hold securely on cruise ship doors and other metal surfaces. | 𝗙𝗮𝗱𝗲-𝗥𝗲𝘀𝗶𝘀𝘁𝗮𝗻𝘁 𝗨𝗩 𝗣𝗿𝗶𝗻𝘁𝗶𝗻𝗴 – Professionally printed with UV ink to ensure vibrant colors that won’t fade in sun or ocean light. | 𝗣𝗲𝗿𝗳𝗲𝗰𝘁 𝗳𝗼𝗿 𝗖𝗿𝘂𝗶𝘀𝗲𝘀 & 𝗧𝗿𝗮𝘃𝗲𝗹 – Great for decorating cruise cabin doors, lockers, or metal surfaces to easily spot your room. Designed and printed in the United States | 𝗣𝗿𝗼𝗽𝗲𝗿 𝗨𝘀𝗲 & 𝗖𝗮𝗿𝗲 – Designed for clean, flat, dry metal surfaces; for best results, remove weekly to clean both the magnet and surface. Friendly reminder: please confirm your cruise door or surface is magnetic prior to ordering.","Custom Cruise Door Magnet 12 Inch, Personalized, Tropical Pineapple Club",NO,2026-09-01T08:26:27.800Z
1-CRUISE_PLACEHOLDER,B0BY393FRY,"Magnet Me Up Combo 2 Pk This Side Up Right Side Up and Upside Down Pineapple with Sunglasses Magnet Decal, 3x6 Inch, Automotive Magnet for Car, Cruise Ship Door, Any Magnetic Surface, Crafted in USA",198,Active,12.99,M-100,B0BPVLGK2Y,"Dress up your space; we have a design for every personality. Whether you want to show pride for your country, make the driver behind you smile, or give an awesome gift, we have something for everyone | Crafted from strong and durable magnetic vinyl; this ensures that the magnet adheres securely to metal surfaces and will maintain its magnetic strength over time. Our magnets are waterproof and heat resistant, which makes them ideal for outdoor use. We make our magnets with UV-resistant inks so that they do not fade over time from sun exposure | Endless possibilities; our heavy-duty magnets are ideal for use on cars, trucks, SUVs, mailboxes, refrigerators, toolboxes, etc. Easily removable and reusable, you can proudly display this flexible magnet in a plethora of spaces. Please ensure that your surface is composed of steel rather than fiberglass, plastic, or aluminum. Magnets will not stick to non-metal surfaces | Crafted in the USA; we uphold our commitment to American craftsmanship by producing all our products in the USA | Quality and satisfaction assurance; we manufacture our magnets to meet high standards. If you experience anything less than perfection, we ask for you to reach out to us so we can make it right","Combo This Side Up Right Cruise Door Magnet 3x6 Inch 2 Pack, Personalized",NO,2026-09-01T08:33:16.774Z
1-CRUISE_PLACEHOLDER,B0BY3B9TDM,"Magnet Me Up Combo 2 Pk This Side Up Right Side Up and Upside Down Pineapple with Sunglasses Magnet Decal, 4x6 Inch, Automotive Magnet for Car, Cruise Ship Door, Any Magnetic Surface, Crafted in USA",198,Active,16.99,M-103,B0BPVLGK2Y,"Dress up your space; we have a design for every personality. Whether you want to show pride for your country, make the driver behind you smile, or give an awesome gift, we have something for everyone | Crafted from strong and durable magnetic vinyl; this ensures that the magnet adheres securely to metal surfaces and will maintain its magnetic strength over time. Our magnets are waterproof and heat resistant, which makes them ideal for outdoor use. We make our magnets with UV-resistant inks so that they do not fade over time from sun exposure | Endless possibilities; our heavy-duty magnets are ideal for use on cars, trucks, SUVs, mailboxes, refrigerators, toolboxes, etc. Easily removable and reusable, you can proudly display this flexible magnet in a plethora of spaces. Please ensure that your surface is composed of steel rather than fiberglass, plastic, or aluminum. Magnets will not stick to non-metal surfaces | Crafted in the USA; we uphold our commitment to American craftsmanship by producing all our products in the USA | Quality and satisfaction assurance; we manufacture our magnets to meet high standards. If you experience anything less than perfection, we ask for you to reach out to us so we can make it right","Combo This Side Up Right Cruise Door Magnet 4x6 Inch 2 Pack, Personalized",NO,2026-09-01T08:33:16.774Z
1-CRUISE_PLACEHOLDER,B0BY3DK6PB,"Magnet Me Up This Side Up Upside Down Pineapple with Sunglasses Magnet Decal, 3x6 Inch, Heavy Duty Automotive Magnet for Car, Truck, SUV, Cruise Ship Door or Any Other Magnetic Surface",184,Active,8.99,M-99,B0BPVLGK2Y,"Dress up your space; we have a design for every personality. Whether you want to show pride for your country, make the driver behind you smile, or give an awesome gift, we have something for everyone | Crafted from strong and durable magnetic vinyl; this ensures that the magnet adheres securely to metal surfaces and will maintain its magnetic strength over time. Our magnets are waterproof and heat resistant, which makes them ideal for outdoor use. We make our magnets with UV-resistant inks so that they do not fade over time from sun exposure | Endless possibilities; our heavy-duty magnets are ideal for use on cars, trucks, SUVs, mailboxes, refrigerators, toolboxes, etc. Easily removable and reusable, you can proudly display this flexible magnet in a plethora of spaces. Please ensure that your surface is composed of steel rather than fiberglass, plastic, or aluminum. Magnets will not stick to non-metal surfaces | Crafted in the USA; we uphold our commitment to American craftsmanship by producing all our products in the USA | Quality and satisfaction assurance; we manufacture our magnets to meet high standards. If you experience anything less than perfection, we ask for you to reach out to us so we can make it right","This Side Up Upside Down Cruise Door Magnet 3x6 Inch, Personalized",NO,2026-09-01T08:33:16.774Z
1-CRUISE_PLACEHOLDER,B0BY3C9JDG,"Magnet Me Up This Side Up Upside Down Pineapple with Sunglasses Magnet Decal, 4x8 Inch, Automotive Magnet for Car, Truck, SUV, Cruise Ship Door or Any Other Magnetic Surface, Crafted in USA",189,Active,9.99,M-102,B0BPVLGK2Y,"Dress up your space; we have a design for every personality. Whether you want to show pride for your country, make the driver behind you smile, or give an awesome gift, we have something for everyone | Crafted from strong and durable magnetic vinyl; this ensures that the magnet adheres securely to metal surfaces and will maintain its magnetic strength over time. Our magnets are waterproof and heat resistant, which makes them ideal for outdoor use. We make our magnets with UV-resistant inks so that they do not fade over time from sun exposure | Endless possibilities; our heavy-duty magnets are ideal for use on cars, trucks, SUVs, mailboxes, refrigerators, toolboxes, etc. Easily removable and reusable, you can proudly display this flexible magnet in a plethora of spaces. Please ensure that your surface is composed of steel rather than fiberglass, plastic, or aluminum. Magnets will not stick to non-metal surfaces | Crafted in the USA; we uphold our commitment to American craftsmanship by producing all our products in the USA | Quality and satisfaction assurance; we manufacture our magnets to meet high standards. If you experience anything less than perfection, we ask for you to reach out to us so we can make it right","This Side Up Upside Down Cruise Door Magnet 4x8 Inch, Personalized",NO,2026-09-01T08:33:16.774Z
1-CRUISE_PLACEHOLDER,B0BY3FYQQC,"Magnet Me Up This Side Up Right Side Up Pineapple with Sunglasses Magnet Decal, 4x8 Inch, Automotive Magnet for Car, Truck, SUV, Cruise Ship Door, Any Magnetic Surface, Party Gift, Crafted in USA",195,Active,9.99,M-101,B0BPVLGK2Y,"Dress up your space; we have a design for every personality. Whether you want to show pride for your country, make the driver behind you smile, or give an awesome gift, we have something for everyone | Crafted from strong and durable magnetic vinyl; this ensures that the magnet adheres securely to metal surfaces and will maintain its magnetic strength over time. Our magnets are waterproof and heat resistant, which makes them ideal for outdoor use. We make our magnets with UV-resistant inks so that they do not fade over time from sun exposure | Endless possibilities; our heavy-duty magnets are ideal for use on cars, trucks, SUVs, mailboxes, refrigerators, toolboxes, etc. Easily removable and reusable, you can proudly display this flexible magnet in a plethora of spaces. Please ensure that your surface is composed of steel rather than fiberglass, plastic, or aluminum. Magnets will not stick to non-metal surfaces | Crafted in the USA; we uphold our commitment to American craftsmanship by producing all our products in the USA | Quality and satisfaction assurance; we manufacture our magnets to meet high standards. If you experience anything less than perfection, we ask for you to reach out to us so we can make it right","This Side Up Right Side Up Cruise Door Magnet 4x8 Inch, Personalized",NO,2026-09-01T08:33:16.774Z
1-CRUISE_PLACEHOLDER,B0GPRLBPFX,"Magnet Me Up Custom Cruise Ship Magnet - Birthday Cake Theme -5"" Inches, Personalized Magnet with Photo, Name & Birthdate - UV Printed Refrigerator & Cruise Door Decor - Made in USA",181,Active,13.99,CCRUISE-46,B0GLKFVNTX,"𝗖𝘂𝘀𝘁𝗼𝗺 𝗰𝗿𝘂𝗶𝘀𝗲 𝘀𝗵𝗶𝗽 𝗯𝗶𝗿𝘁𝗵𝗱𝗮𝘆 𝗺𝗮𝗴𝗻𝗲𝘁 - Personalized cruise ship magnet featuring a fun birthday cake theme, customized with your photo, name, and birthdate to create a memorable decoration and keepsake for birthday cruises. | 𝗛𝗲𝗮𝘃𝘆-𝗗𝘂𝘁𝘆 𝟯𝟬 𝗠𝗶𝗹 𝗠𝗮𝗴𝗻𝗲𝘁𝗶𝗰 𝗩𝗶𝗻𝘆𝗹 - Thick, durable magnetic material designed to hold securely on cruise ship doors and other metal surfaces. | 𝗙𝗮𝗱𝗲-𝗥𝗲𝘀𝗶𝘀𝘁𝗮𝗻𝘁 𝗨𝗩 𝗣𝗿𝗶𝗻𝘁𝗶𝗻𝗴 – Professionally printed with UV ink to ensure vibrant colors that won’t fade in sun or ocean light. | 𝗣𝗲𝗿𝗳𝗲𝗰𝘁 𝗳𝗼𝗿 𝗖𝗿𝘂𝗶𝘀𝗲𝘀 & 𝗧𝗿𝗮𝘃𝗲𝗹 – Great for decorating cruise cabin doors, lockers, or metal surfaces to easily spot your room. Designed and printed in the United States | 𝗣𝗿𝗼𝗽𝗲𝗿 𝗨𝘀𝗲 & 𝗖𝗮𝗿𝗲 – Designed for clean, flat, dry metal surfaces; for best results, remove weekly to clean both the magnet and surface. Friendly reminder: please confirm your cruise door or surface is magnetic prior to ordering.","Custom Birthday Custom Cruise Door Magnet 5 Inch, Personalized, Made in USA",NO,2026-09-01T08:33:18.602Z
1-CRUISE_PLACEHOLDER,B0GPRLLKBL,"Magnet Me Up Custom Cruise Ship Magnet - Birthday Cake Theme -6"" Inches, Personalized Magnet with Photo, Name & Birthdate - UV Printed Refrigerator & Cruise Door Decor - Made in USA",181,Active,14.99,CCRUISE-47,B0GLKFVNTX,"𝗖𝘂𝘀𝘁𝗼𝗺 𝗰𝗿𝘂𝗶𝘀𝗲 𝘀𝗵𝗶𝗽 𝗯𝗶𝗿𝘁𝗵𝗱𝗮𝘆 𝗺𝗮𝗴𝗻𝗲𝘁 - Personalized cruise ship magnet featuring a fun birthday cake theme, customized with your photo, name, and birthdate to create a memorable decoration and keepsake for birthday cruises. | 𝗛𝗲𝗮𝘃𝘆-𝗗𝘂𝘁𝘆 𝟯𝟬 𝗠𝗶𝗹 𝗠𝗮𝗴𝗻𝗲𝘁𝗶𝗰 𝗩𝗶𝗻𝘆𝗹 - Thick, durable magnetic material designed to hold securely on cruise ship doors and other metal surfaces. | 𝗙𝗮𝗱𝗲-𝗥𝗲𝘀𝗶𝘀𝘁𝗮𝗻𝘁 𝗨𝗩 𝗣𝗿𝗶𝗻𝘁𝗶𝗻𝗴 – Professionally printed with UV ink to ensure vibrant colors that won’t fade in sun or ocean light. | 𝗣𝗲𝗿𝗳𝗲𝗰𝘁 𝗳𝗼𝗿 𝗖𝗿𝘂𝗶𝘀𝗲𝘀 & 𝗧𝗿𝗮𝘃𝗲𝗹 – Great for decorating cruise cabin doors, lockers, or metal surfaces to easily spot your room. Designed and printed in the United States | 𝗣𝗿𝗼𝗽𝗲𝗿 𝗨𝘀𝗲 & 𝗖𝗮𝗿𝗲 – Designed for clean, flat, dry metal surfaces; for best results, remove weekly to clean both the magnet and surface. Friendly reminder: please confirm your cruise door or surface is magnetic prior to ordering.","Custom Birthday Custom Cruise Door Magnet 6 Inch, Personalized, Made in USA",NO,2026-09-01T08:33:18.602Z
2-TOP25_BY_SALES,B0DNKPPW1Q,"Custom Car Magnet Signs 30 Mil, Upload Your Logo and Text, Business",67,Active,13.99,CDIEC-5,,"𝗖𝗿𝗲𝗮𝘁𝗲 𝘆𝗼𝘂𝗿 𝗼𝘄𝗻 𝗺𝗮𝗴𝗻𝗲𝘁 𝗱𝗲𝘀𝗶𝗴𝗻 𝘄𝗶𝘁𝗵 𝗮 𝗽𝗲𝗿𝘀𝗼𝗻𝗮𝗹 𝘁𝗼𝘂𝗰𝗵; select your preferred text, font size, and images to highlight your ideas for personal or business purposes. You can also upload images to personalize your car or any magnetic surface at home. It can be used for a variety of purposes, including expressing yourself by adding messages and characters to your design. | 𝗖𝘂𝘀𝘁𝗼𝗺𝗶𝘇𝗲 𝘆𝗼𝘂𝗿 𝘃𝗲𝗵𝗶𝗰𝗹𝗲 𝗼𝗿 𝗵𝗼𝗺𝗲 𝘄𝗶𝘁𝗵 𝘁𝗵𝗶𝘀 𝗴𝗿𝗲𝗮𝘁 𝗾𝘂𝗮𝗹𝗶𝘁𝘆 𝗽𝗲𝗿𝘀𝗼𝗻𝗮𝗹𝗶𝘇𝗲𝗱 𝗺𝗮𝗴𝗻𝗲𝘁 𝗺𝗮𝗱𝗲 𝗳𝗿𝗼𝗺 𝗼𝘂𝗿 𝗺𝗼𝘀𝘁 𝗱𝘂𝗿𝗮𝗯𝗹𝗲 𝗺𝗮𝗴𝗻𝗲𝘁𝗶𝗰 𝘃𝗶𝗻𝘆𝗹. Ideal for trucks, mailboxes, refrigerators, and more, this versatile magnet is built to last. It is waterproof and heat-resistant, making it ideal for outdoor use. Printed with UV-resistant inks, it remains fade-resistant. 𝐍𝐨𝐭𝐞: 𝐄𝐧𝐬𝐮𝐫𝐞 𝐲𝐨𝐮𝐫 𝐬𝐮𝐫𝐟𝐚𝐜𝐞 𝐢𝐬 𝐦𝐚𝐝𝐞 𝐨𝐟 𝐬𝐭𝐞𝐞𝐥. 𝐓𝐡𝐢𝐬 𝐦𝐚𝐠𝐧𝐞𝐭 𝐰𝐢𝐥𝐥 𝐧𝐨𝐭 𝐚𝐝𝐡𝐞𝐫𝐞 𝐭𝐨 𝐟𝐢𝐛𝐞𝐫𝐠𝐥𝐚𝐬𝐬, 𝐩𝐥𝐚𝐬𝐭𝐢𝐜, 𝐚𝐥𝐮𝐦𝐢𝐧𝐮𝐦, 𝐨𝐫 𝐚𝐧𝐲 𝐨𝐭𝐡𝐞𝐫 𝐧𝐨𝐧-𝐦𝐞𝐭𝐚𝐥 𝐬𝐮𝐫𝐟𝐚𝐜𝐞𝐬. | 𝗦𝗲𝗹𝗲𝗰𝘁 𝘆𝗼𝘂𝗿 𝗽𝗿𝗲𝗳𝗲𝗿𝗿𝗲𝗱 𝗺𝗮𝗴𝗻𝗲𝘁 𝘀𝗶𝘇𝗲 𝗳𝗿𝗼𝗺 𝘁𝗵𝗲 𝗱𝗿𝗼𝗽𝗱𝗼𝘄𝗻 𝗺𝗲𝗻𝘂 𝘁𝗼 𝗮𝗰𝗵𝗶𝗲𝘃𝗲 𝘁𝗵𝗲 𝗲𝘅𝗮𝗰𝘁 𝗹𝗼𝗼𝗸 𝗳𝗼𝗿 𝘆𝗼𝘂𝗿 𝘃𝗲𝗵𝗶𝗰𝗹𝗲. Available sizes include- 12”x24”, 12”x18”, 24”x36”, 18”x24”, 12x12”, 16”x22”, 18”, 12”. | 𝗛𝗶𝗴𝗵-𝗿𝗲𝘀𝗼𝗹𝘂𝘁𝗶𝗼𝗻 𝗱𝗶𝗴𝗶𝘁𝗮𝗹 𝗽𝗿𝗶𝗻𝘁𝗶𝗻𝗴; this magnet is made of durable and long-lasting 30 mil thick magnetic vinyl. It has a very strong magnetic backing and will adhere to any magnetic surface, making it ideal for most applications. High-resolution digital printing is a sophisticated technique that employs cutting-edge UV inkjet technology. As a result, you get a vibrant, colorful finish that is not only simple to apply but also looks great on your vehicle. | 𝗖𝗮𝗿𝗲 𝗮𝗻𝗱 𝗶𝗻𝘀𝘁𝗿𝘂𝗰𝘁𝗶𝗼𝗻𝘀; clean the surface thoroughly with a damp cloth and non-abrasive cleanser. Ensure the surface is fully dry, and place the magnet on the desired surface. This automotive magnet is removable and reusable.","Custom Die Cut Car Magnet 30 Mil, Upload Logo, Made in USA",NO,2026-09-01T08:33:18.602Z
2-TOP25_BY_SALES,B0CPYK1VGF,"Magnet Me Up Customizable 5 Inch Round Magnet Pack, 100 Piece, Custom Magnet for Businesses, Personal Use, Choose Your Text, Upload Image, Magnetic Vinyl for Any Magnetic Surface, Crafted in USA",194,Active,274.99,C5INR-100,B0H8VY6DT9,"𝗖𝗨𝗦𝗧𝗢𝗠-𝗣𝗥𝗜𝗡𝗧𝗘𝗗 𝟱 𝗜𝗡𝗖𝗛 𝗥𝗢𝗨𝗡𝗗 𝗠𝗔𝗚𝗡𝗘𝗧, 𝗠𝗔𝗗𝗘 𝗜𝗡 𝗨𝗦𝗔 - Your design is printed edge to edge in full, vibrant color on a heavy 30 mil magnetic base - noticeably thicker and sturdier than thin 20 mil magnets. Printed in our own U.S. facility for a quick turnaround. | 𝗨𝗣𝗟𝗢𝗔𝗗 𝗬𝗢𝗨𝗥 𝗜𝗠𝗔𝗚𝗘, 𝗟𝗢𝗚𝗢, 𝗢𝗥 𝗧𝗘𝗫𝗧 - 𝗜𝗧 𝗣𝗥𝗜𝗡𝗧𝗦 𝗘𝗫𝗔𝗖𝗧𝗟𝗬 𝗔𝗦 𝗬𝗢𝗨 𝗦𝗘𝗡𝗗 𝗜𝗧 - Add a photo, company logo, team name, or custom wording right on the product page. No design skills needed and no minimum order - what you upload is what we print, in sharp full color. | 𝗠𝗔𝗞𝗘 𝗜𝗧 𝗣𝗘𝗥𝗦𝗢𝗡𝗔𝗟 - 𝗙𝗢𝗥 𝗖𝗔𝗥𝗦, 𝗙𝗥𝗜𝗗𝗚𝗘𝗦, 𝗟𝗢𝗖𝗞𝗘𝗥𝗦 & 𝗚𝗜𝗙𝗧𝗦 - Show off a pet photo, family picture, favorite quote, or original artwork. Works on car doors and bumpers, refrigerators, school lockers, and mailboxes - and makes a thoughtful, fully personalized gift. | 𝗕𝗨𝗜𝗟𝗧 𝗙𝗢𝗥 𝗕𝗨𝗦𝗜𝗡𝗘𝗦𝗦, 𝗧𝗘𝗔𝗠𝗦 & 𝗙𝗨𝗡𝗗𝗥𝗔𝗜𝗦𝗘𝗥𝗦 - Turn your logo into rolling advertising, or hand out branded magnets at events. Ideal for small businesses, real estate, sports teams, schools, churches, and fundraisers. Bulk packs from 5 up to 1,000 - order more, pay less per magnet. | 𝗔 𝗠𝗔𝗚𝗡𝗘𝗧, 𝗡𝗢𝗧 𝗔 𝗕𝗨𝗠𝗣𝗘𝗥 𝗦𝗧𝗜𝗖𝗞𝗘𝗥 - 𝗥𝗘𝗠𝗢𝗩𝗘𝗦 𝗖𝗟𝗘𝗔𝗡, 𝗥𝗘𝗨𝗦𝗘𝗦 𝗙𝗢𝗥 𝗬𝗘𝗔𝗥𝗦 - Weatherproof and UV-resistant for the outdoors, with a paint-safe backing that lifts off with no residue, peeling, or sticky mess - everything a bumper sticker can't do. Reposition it as often as you like.","Customizable Round Magnet 5 Inch 100 pc, Made in USA",NO,2026-09-01T08:33:18.602Z
2-TOP25_BY_SALES,B0CPYL2R1D,"Magnet Me Up Customizable 5 Inch Round Magnet Pack, 50 Piece, Custom Magnet for Businesses, Personal Use, Choose Your Text, Upload Image, Magnetic Vinyl for Any Magnetic Surface, Crafted in USA",193,Active,189.99,C5INR-50,B0H8VY6DT9,"𝗖𝗨𝗦𝗧𝗢𝗠-𝗣𝗥𝗜𝗡𝗧𝗘𝗗 𝟱 𝗜𝗡𝗖𝗛 𝗥𝗢𝗨𝗡𝗗 𝗠𝗔𝗚𝗡𝗘𝗧, 𝗠𝗔𝗗𝗘 𝗜𝗡 𝗨𝗦𝗔 - Your design is printed edge to edge in full, vibrant color on a heavy 30 mil magnetic base - noticeably thicker and sturdier than thin 20 mil magnets. Printed in our own U.S. facility for a quick turnaround. | 𝗨𝗣𝗟𝗢𝗔𝗗 𝗬𝗢𝗨𝗥 𝗜𝗠𝗔𝗚𝗘, 𝗟𝗢𝗚𝗢, 𝗢𝗥 𝗧𝗘𝗫𝗧 - 𝗜𝗧 𝗣𝗥𝗜𝗡𝗧𝗦 𝗘𝗫𝗔𝗖𝗧𝗟𝗬 𝗔𝗦 𝗬𝗢𝗨 𝗦𝗘𝗡𝗗 𝗜𝗧 - Add a photo, company logo, team name, or custom wording right on the product page. No design skills needed and no minimum order - what you upload is what we print, in sharp full color. | 𝗠𝗔𝗞𝗘 𝗜𝗧 𝗣𝗘𝗥𝗦𝗢𝗡𝗔𝗟 - 𝗙𝗢𝗥 𝗖𝗔𝗥𝗦, 𝗙𝗥𝗜𝗗𝗚𝗘𝗦, 𝗟𝗢𝗖𝗞𝗘𝗥𝗦 & 𝗚𝗜𝗙𝗧𝗦 - Show off a pet photo, family picture, favorite quote, or original artwork. Works on car doors and bumpers, refrigerators, school lockers, and mailboxes - and makes a thoughtful, fully personalized gift. | 𝗕𝗨𝗜𝗟𝗧 𝗙𝗢𝗥 𝗕𝗨𝗦𝗜𝗡𝗘𝗦𝗦, 𝗧𝗘𝗔𝗠𝗦 & 𝗙𝗨𝗡𝗗𝗥𝗔𝗜𝗦𝗘𝗥𝗦 - Turn your logo into rolling advertising, or hand out branded magnets at events. Ideal for small businesses, real estate, sports teams, schools, churches, and fundraisers. Bulk packs from 5 up to 1,000 - order more, pay less per magnet. | 𝗔 𝗠𝗔𝗚𝗡𝗘𝗧, 𝗡𝗢𝗧 𝗔 𝗕𝗨𝗠𝗣𝗘𝗥 𝗦𝗧𝗜𝗖𝗞𝗘𝗥 - 𝗥𝗘𝗠𝗢𝗩𝗘𝗦 𝗖𝗟𝗘𝗔𝗡, 𝗥𝗘𝗨𝗦𝗘𝗦 𝗙𝗢𝗥 𝗬𝗘𝗔𝗥𝗦 - Weatherproof and UV-resistant for the outdoors, with a paint-safe backing that lifts off with no residue, peeling, or sticky mess - everything a bumper sticker can't do. Reposition it as often as you like.","Customizable Round Magnet 5 Inch 50 pc, Made in USA",NO,2026-09-01T08:33:18.602Z
2-TOP25_BY_SALES,B0D9MDF94J,"Magnet Me Up Customizable 5 Inch Round Magnet Pack, 250 Pack, Custom Magnet for Businesses, Personal Use, Choose Your Text, Upload Image, Magnetic Vinyl for Any Magnetic Surface, Crafted in USA",193,Active,499.99,C5INR-250,B0H8VY6DT9,"𝗖𝗨𝗦𝗧𝗢𝗠-𝗣𝗥𝗜𝗡𝗧𝗘𝗗 𝟱 𝗜𝗡𝗖𝗛 𝗥𝗢𝗨𝗡𝗗 𝗠𝗔𝗚𝗡𝗘𝗧, 𝗠𝗔𝗗𝗘 𝗜𝗡 𝗨𝗦𝗔 - Your design is printed edge to edge in full, vibrant color on a heavy 30 mil magnetic base - noticeably thicker and sturdier than thin 20 mil magnets. Printed in our own U.S. facility for a quick turnaround. | 𝗨𝗣𝗟𝗢𝗔𝗗 𝗬𝗢𝗨𝗥 𝗜𝗠𝗔𝗚𝗘, 𝗟𝗢𝗚𝗢, 𝗢𝗥 𝗧𝗘𝗫𝗧 - 𝗜𝗧 𝗣𝗥𝗜𝗡𝗧𝗦 𝗘𝗫𝗔𝗖𝗧𝗟𝗬 𝗔𝗦 𝗬𝗢𝗨 𝗦𝗘𝗡𝗗 𝗜𝗧 - Add a photo, company logo, team name, or custom wording right on the product page. No design skills needed and no minimum order - what you upload is what we print, in sharp full color. | 𝗠𝗔𝗞𝗘 𝗜𝗧 𝗣𝗘𝗥𝗦𝗢𝗡𝗔𝗟 - 𝗙𝗢𝗥 𝗖𝗔𝗥𝗦, 𝗙𝗥𝗜𝗗𝗚𝗘𝗦, 𝗟𝗢𝗖𝗞𝗘𝗥𝗦 & 𝗚𝗜𝗙𝗧𝗦 - Show off a pet photo, family picture, favorite quote, or original artwork. Works on car doors and bumpers, refrigerators, school lockers, and mailboxes - and makes a thoughtful, fully personalized gift. | 𝗕𝗨𝗜𝗟𝗧 𝗙𝗢𝗥 𝗕𝗨𝗦𝗜𝗡𝗘𝗦𝗦, 𝗧𝗘𝗔𝗠𝗦 & 𝗙𝗨𝗡𝗗𝗥𝗔𝗜𝗦𝗘𝗥𝗦 - Turn your logo into rolling advertising, or hand out branded magnets at events. Ideal for small businesses, real estate, sports teams, schools, churches, and fundraisers. Bulk packs from 5 up to 1,000 - order more, pay less per magnet. | 𝗔 𝗠𝗔𝗚𝗡𝗘𝗧, 𝗡𝗢𝗧 𝗔 𝗕𝗨𝗠𝗣𝗘𝗥 𝗦𝗧𝗜𝗖𝗞𝗘𝗥 - 𝗥𝗘𝗠𝗢𝗩𝗘𝗦 𝗖𝗟𝗘𝗔𝗡, 𝗥𝗘𝗨𝗦𝗘𝗦 𝗙𝗢𝗥 𝗬𝗘𝗔𝗥𝗦 - Weatherproof and UV-resistant for the outdoors, with a paint-safe backing that lifts off with no residue, peeling, or sticky mess - everything a bumper sticker can't do. Reposition it as often as you like.","Customizable Round Magnet 5 Inch 250 Pack, Made in USA",NO,2026-09-01T08:33:18.602Z
2-TOP25_BY_SALES,B0DB8W448N,"Magnet Me Up 6 Inch Round Car Magnet -100 Pack, Upload Your Image, Logo or Text - Made in USA, Full Color, 30 Mil Heavy-Duty, Weatherproof, for Cars, Business, Team & Personal Use",179,Active,299.99,C6INR-100,B0H8VY6DT9,"🧲 Heavy-duty 30 Mil round magnet for cars & outdoor use – unlike thin 20 mil magnets, our extra-thick 30 mil magnetic vinyl provides stronger holding power, perfect for cars, storefronts, lockers, and promotional signage. | 🧲 Customizable for Businesses, Sports Teams & Personal Expression – upload your logo, slogan, team name, or unique design to create bold and professional magnets for business branding, local teams, awareness campaigns, or personal messages. | 🧲Weatherproof & UV-Resistant for Outdoor Durability – designed to withstand sun, rain, and snow, this high-quality magnet is great for use as magnetic car decals, event promotions, fundraiser support, and personal designs. | 🧲Strong Hold, Paint-Safe Backing for Vehicles – the scratch-free magnetic vinyl adheres securely to metal surfaces without peeling, slipping, or leaving residue- ideal for cars, trucks, vans, SUVs, and storefronts. | 🧲 Made in the USA- proudly crafted in the USA with premium materials, ensuring long-lasting durability so you can start promoting your brand, team, or personal message right away.","Customizable Round Magnet 6 Inch 100 Pack, Made in USA",NO,2026-09-01T08:33:18.602Z
2-TOP25_BY_SALES,B0H12WLCJZ,"Magnet Me Up Customizable 5"" Round Magnet Pack, 500 Pack, Custom Magnet for Businesses, Personal Use, Choose Your Text, Upload Image, Magnetic Vinyl for Any Magnetic Surface, Crafted in USA",189,Active,899.99,C5INR-500,B0H8VY6DT9,"𝗖𝗨𝗦𝗧𝗢𝗠-𝗣𝗥𝗜𝗡𝗧𝗘𝗗 𝟱 𝗜𝗡𝗖𝗛 𝗥𝗢𝗨𝗡𝗗 𝗠𝗔𝗚𝗡𝗘𝗧, 𝗠𝗔𝗗𝗘 𝗜𝗡 𝗨𝗦𝗔 - Your design is printed edge to edge in full, vibrant color on a heavy 30 mil magnetic base - noticeably thicker and sturdier than thin 20 mil magnets. Printed in our own U.S. facility for a quick turnaround. | 𝗨𝗣𝗟𝗢𝗔𝗗 𝗬𝗢𝗨𝗥 𝗜𝗠𝗔𝗚𝗘, 𝗟𝗢𝗚𝗢, 𝗢𝗥 𝗧𝗘𝗫𝗧 - 𝗜𝗧 𝗣𝗥𝗜𝗡𝗧𝗦 𝗘𝗫𝗔𝗖𝗧𝗟𝗬 𝗔𝗦 𝗬𝗢𝗨 𝗦𝗘𝗡𝗗 𝗜𝗧 - Add a photo, company logo, team name, or custom wording right on the product page. No design skills needed and no minimum order - what you upload is what we print, in sharp full color. | 𝗠𝗔𝗞𝗘 𝗜𝗧 𝗣𝗘𝗥𝗦𝗢𝗡𝗔𝗟 - 𝗙𝗢𝗥 𝗖𝗔𝗥𝗦, 𝗙𝗥𝗜𝗗𝗚𝗘𝗦, 𝗟𝗢𝗖𝗞𝗘𝗥𝗦 & 𝗚𝗜𝗙𝗧𝗦 - Show off a pet photo, family picture, favorite quote, or original artwork. Works on car doors and bumpers, refrigerators, school lockers, and mailboxes - and makes a thoughtful, fully personalized gift. | 𝗕𝗨𝗜𝗟𝗧 𝗙𝗢𝗥 𝗕𝗨𝗦𝗜𝗡𝗘𝗦𝗦, 𝗧𝗘𝗔𝗠𝗦 & 𝗙𝗨𝗡𝗗𝗥𝗔𝗜𝗦𝗘𝗥𝗦 - Turn your logo into rolling advertising, or hand out branded magnets at events. Ideal for small businesses, real estate, sports teams, schools, churches, and fundraisers. Bulk packs from 5 up to 1,000 - order more, pay less per magnet. | 𝗔 𝗠𝗔𝗚𝗡𝗘𝗧, 𝗡𝗢𝗧 𝗔 𝗕𝗨𝗠𝗣𝗘𝗥 𝗦𝗧𝗜𝗖𝗞𝗘𝗥 - 𝗥𝗘𝗠𝗢𝗩𝗘𝗦 𝗖𝗟𝗘𝗔𝗡, 𝗥𝗘𝗨𝗦𝗘𝗦 𝗙𝗢𝗥 𝗬𝗘𝗔𝗥𝗦 - Weatherproof and UV-resistant for the outdoors, with a paint-safe backing that lifts off with no residue, peeling, or sticky mess - everything a bumper sticker can't do. Reposition it as often as you like.","Customizable Round Magnet 5 Inch 500 Pack, Made in USA",NO,2026-09-01T08:33:18.602Z
2-TOP25_BY_SALES,B01HGZX8PK,"American Flag Car Magnet 5 Inch, Red White & Blue, Pawprint",59,Active,8.99,P-10,B0HC8XNXLD,"Dress up your space; we have a design for every personality. Whether you want to show pride for your country, make the driver behind you smile, or give an awesome gift, we have something for everyone | Premium grade material; our magnets are made from strong and durable magnetic vinyl. This ensures that the magnet adheres securely to metal surfaces and will maintain its magnetic strength over time. Our magnets are waterproof and heat resistant, which makes them ideal for outdoor use. We make our magnets with UV-resistant inks so that they do not fade over time from sun exposure | Endless possibilities; our heavy-duty magnets are ideal for cars, trucks, SUVs, mailboxes, refrigerators, toolboxes, etc. Easily removable and reusable, you can proudly display this flexible magnet in a plethora of spaces. Please ensure that your surface is composed of steel rather than fiberglass, plastic, or aluminum. Magnets will not stick to non-metal surfaces | Crafted in the USA; we uphold our commitment to American craftsmanship by producing all our products in the USA | Quality and satisfaction assurance; we manufacture our magnets to meet high standards. If you experience anything less than perfection, we ask for you to reach out to us so we can make it right","American Flag Pawprint Car Magnet, Red White & Blue",NO,2026-09-01T08:33:18.602Z
2-TOP25_BY_SALES,B0CPYJTR7L,"Magnet Me Up Customizable 5 Inch Round Magnet Pack, 25 Pack, Custom Magnet for Businesses, Personal Use, Choose Your Text, Upload Image, Magnetic Vinyl for Any Magnetic Surface, Crafted in USA",192,Active,129.99,C5INR-25,B0H8VY6DT9,"𝗖𝗨𝗦𝗧𝗢𝗠-𝗣𝗥𝗜𝗡𝗧𝗘𝗗 𝟱 𝗜𝗡𝗖𝗛 𝗥𝗢𝗨𝗡𝗗 𝗠𝗔𝗚𝗡𝗘𝗧, 𝗠𝗔𝗗𝗘 𝗜𝗡 𝗨𝗦𝗔 - Your design is printed edge to edge in full, vibrant color on a heavy 30 mil magnetic base - noticeably thicker and sturdier than thin 20 mil magnets. Printed in our own U.S. facility for a quick turnaround. | 𝗨𝗣𝗟𝗢𝗔𝗗 𝗬𝗢𝗨𝗥 𝗜𝗠𝗔𝗚𝗘, 𝗟𝗢𝗚𝗢, 𝗢𝗥 𝗧𝗘𝗫𝗧 - 𝗜𝗧 𝗣𝗥𝗜𝗡𝗧𝗦 𝗘𝗫𝗔𝗖𝗧𝗟𝗬 𝗔𝗦 𝗬𝗢𝗨 𝗦𝗘𝗡𝗗 𝗜𝗧 - Add a photo, company logo, team name, or custom wording right on the product page. No design skills needed and no minimum order - what you upload is what we print, in sharp full color. | 𝗠𝗔𝗞𝗘 𝗜𝗧 𝗣𝗘𝗥𝗦𝗢𝗡𝗔𝗟 - 𝗙𝗢𝗥 𝗖𝗔𝗥𝗦, 𝗙𝗥𝗜𝗗𝗚𝗘𝗦, 𝗟𝗢𝗖𝗞𝗘𝗥𝗦 & 𝗚𝗜𝗙𝗧𝗦 - Show off a pet photo, family picture, favorite quote, or original artwork. Works on car doors and bumpers, refrigerators, school lockers, and mailboxes - and makes a thoughtful, fully personalized gift. | 𝗕𝗨𝗜𝗟𝗧 𝗙𝗢𝗥 𝗕𝗨𝗦𝗜𝗡𝗘𝗦𝗦, 𝗧𝗘𝗔𝗠𝗦 & 𝗙𝗨𝗡𝗗𝗥𝗔𝗜𝗦𝗘𝗥𝗦 - Turn your logo into rolling advertising, or hand out branded magnets at events. Ideal for small businesses, real estate, sports teams, schools, churches, and fundraisers. Bulk packs from 5 up to 1,000 - order more, pay less per magnet. | 𝗔 𝗠𝗔𝗚𝗡𝗘𝗧, 𝗡𝗢𝗧 𝗔 𝗕𝗨𝗠𝗣𝗘𝗥 𝗦𝗧𝗜𝗖𝗞𝗘𝗥 - 𝗥𝗘𝗠𝗢𝗩𝗘𝗦 𝗖𝗟𝗘𝗔𝗡, 𝗥𝗘𝗨𝗦𝗘𝗦 𝗙𝗢𝗥 𝗬𝗘𝗔𝗥𝗦 - Weatherproof and UV-resistant for the outdoors, with a paint-safe backing that lifts off with no residue, peeling, or sticky mess - everything a bumper sticker can't do. Reposition it as often as you like.","Customizable Round Magnet 5 Inch 25 Pack, Made in USA",NO,2026-09-01T08:33:18.602Z
2-TOP25_BY_SALES,B0BLHZL16L,"Magnet Me Up Elderly Driver Please Be Patient Magnet Decal, 3x8 Inches, Heavy Duty Automotive Magnet for Car Truck SUV Or Any Other Magnetic Surface",148,Active,8.99,38-104,B0H5S9MKM8,"Dress up your space; we have a design for every personality. Whether you want to show pride for your country, make the driver behind you smile, or give an awesome gift, we have something for everyone | Crafted from strong and durable magnetic vinyl; this ensures that the magnet adheres securely to metal surfaces and will maintain its magnetic strength over time. Our magnets are waterproof and heat resistant, which makes them ideal for outdoor use. We make our magnets with UV-resistant inks so that they do not fade over time from sun exposure | Endless possibilities; our heavy-duty magnets are ideal for use on cars, trucks, SUVs, mailboxes, refrigerators, toolboxes, etc. Easily removable and reusable, you can proudly display this flexible magnet in a plethora of spaces. Please ensure that your surface is composed of steel rather than fiberglass, plastic, or aluminum. Magnets will not stick to non-metal surfaces | Endless possibilities; our heavy-duty magnets are ideal for use on cars, trucks, SUVs, mailboxes, refrigerators, toolboxes, etc. Easily removable and reusable, you can proudly display this flexible magnet in a plethora of spaces. Please ensure that your surface is composed of steel rather than fiberglass, plastic, or aluminum. Magnets will not stick to non-metal surfaces | Crafted in the USA; we uphold our commitment to American craftsmanship by producing all our products in the USA",Elderly Driver Please Be Patient Car Magnet 3x8 Inch,NO,2026-09-01T08:33:18.602Z
2-TOP25_BY_SALES,B07C598SXV,"Coexist Symbol Car Magnet Decal, Made in USA",44,Active,8.99,38-82,B0HC8PCTVW,"Dress up your space; we have a design for every personality. Whether you want to show pride for your country, make the driver behind you smile, or give an awesome gift, we have something for everyone | Crafted from strong and durable magnetic vinyl; this ensures that the magnet adheres securely to metal surfaces and will maintain its magnetic strength over time. Our magnets are waterproof and heat resistant, which makes them ideal for outdoor use. We make our magnets with UV-resistant inks so that they do not fade over time from sun exposure | Endless possibilities; our heavy-duty magnets are ideal for use on cars, trucks, SUVs, mailboxes, refrigerators, toolboxes, etc. Easily removable and reusable, you can proudly display this flexible magnet in a plethora of spaces. Please ensure that your surface is composed of steel rather than fiberglass, plastic, or aluminum. Magnets will not stick to non-metal surfaces | Endless possibilities; our heavy-duty magnets are ideal for use on cars, trucks, SUVs, mailboxes, refrigerators, toolboxes, etc. Easily removable and reusable, you can proudly display this flexible magnet in a plethora of spaces. Please ensure that your surface is composed of steel rather than fiberglass, plastic, or aluminum. Magnets will not stick to non-metal surfaces | Crafted in the USA; we uphold our commitment to American craftsmanship by producing all our products in the USA",Coexist Symbol Car Magnet 3x8 Inch,NO,2026-09-01T08:33:18.602Z
2-TOP25_BY_SALES,B07LHKFP2G,"Magnet Me Up Healing Adhesive Bandage Symbol Decal - 3x8 Inches, 2 Pack, Heavy-Duty Automotive Magnets for Car, Truck, SUV - Symbolic Auto Magnets for Care, Support, and Healing, Made in USA",190,Active,11.99,38-84,,"Dress up your space; we have a design for every personality. Whether you want to show pride for your country, make the driver behind you smile, or give an awesome gift, we have something for everyone | Crafted from strong and durable magnetic vinyl; this ensures that the magnet adheres securely to metal surfaces and will maintain its magnetic strength over time. Our magnets are waterproof and heat resistant, which makes them ideal for outdoor use. We make our magnets with UV-resistant inks so that they do not fade over time from sun exposure | Endless possibilities; our heavy-duty magnets are ideal for use on cars, trucks, SUVs, mailboxes, refrigerators, toolboxes, etc. Easily removable and reusable, you can proudly display this flexible magnet in a plethora of spaces. Please ensure that your surface is composed of steel rather than fiberglass, plastic, or aluminum. Magnets will not stick to non-metal surfaces | Endless possibilities; our heavy-duty magnets are ideal for use on cars, trucks, SUVs, mailboxes, refrigerators, toolboxes, etc. Easily removable and reusable, you can proudly display this flexible magnet in a plethora of spaces. Please ensure that your surface is composed of steel rather than fiberglass, plastic, or aluminum. Magnets will not stick to non-metal surfaces | Crafted in the USA; we uphold our commitment to American craftsmanship by producing all our products in the USA","Healing Adhesive Bandage Symbol Car Magnet 3x8 Inch 2 Pack, Made in USA",NO,2026-09-01T08:33:18.602Z
2-TOP25_BY_SALES,B0CBL2R5WZ,"Custom Round Car Magnet 6 Inch, Upload Your Logo Image or Text",62,Active,13.99,C6RO,B0H8VY6DT9,"🧲 Heavy-duty 30 Mil round magnet for cars & outdoor use – unlike thin 20 mil magnets, our extra-thick 30 mil magnetic vinyl provides stronger holding power, perfect for cars, storefronts, lockers, and promotional signage. | 🧲 Customizable for Businesses, Sports Teams & Personal Expression – upload your logo, slogan, team name, or unique design to create bold and professional magnets for business branding, local teams, awareness campaigns, or personal messages. | 🧲Weatherproof & UV-Resistant for Outdoor Durability – designed to withstand sun, rain, and snow, this high-quality magnet is great for use as magnetic car decals, event promotions, fundraiser support, and personal designs. | 🧲Strong Hold, Paint-Safe Backing for Vehicles – the scratch-free magnetic vinyl adheres securely to metal surfaces without peeling, slipping, or leaving residue- ideal for cars, trucks, vans, SUVs, and storefronts. | 🧲 Made in the USA- proudly crafted in the USA with premium materials, ensuring long-lasting durability so you can start promoting your brand, team, or personal message right away.","Customizable Round Magnet 6 Inch, Made in USA",NO,2026-09-01T08:33:18.602Z
2-TOP25_BY_SALES,B0CZPCC8B8,"Magnet Me Up 6 Inch Round Car Magnet -5 Pack, Upload Your Image, Logo or Text - Made in USA, Full Color, 30 Mil Heavy-Duty, Weatherproof, for Cars, Business, Team & Personal Use",177,Active,44.99,C6RO-5,B0H8VY6DT9,"🧲 Heavy-duty 30 Mil round magnet for cars & outdoor use – unlike thin 20 mil magnets, our extra-thick 30 mil magnetic vinyl provides stronger holding power, perfect for cars, storefronts, lockers, and promotional signage. | 🧲 Customizable for Businesses, Sports Teams & Personal Expression – upload your logo, slogan, team name, or unique design to create bold and professional magnets for business branding, local teams, awareness campaigns, or personal messages. | 🧲Weatherproof & UV-Resistant for Outdoor Durability – designed to withstand sun, rain, and snow, this high-quality magnet is great for use as magnetic car decals, event promotions, fundraiser support, and personal designs. | 🧲Strong Hold, Paint-Safe Backing for Vehicles – the scratch-free magnetic vinyl adheres securely to metal surfaces without peeling, slipping, or leaving residue- ideal for cars, trucks, vans, SUVs, and storefronts. | 🧲 Made in the USA- proudly crafted in the USA with premium materials, ensuring long-lasting durability so you can start promoting your brand, team, or personal message right away.","Customizable Round Magnet 6 Inch 5 Pack, Made in USA",NO,2026-09-01T08:33:18.602Z
2-TOP25_BY_SALES,B0CXF9TFCK,"Magnet Me Up Customizable 4x6 Inch Oval Magnet Pack, 100 Piece, Custom Magnet for Businesses, Personal Use, Choose Your Text, Upload Image, Magnetic Vinyl for Any Magnetic Surface, Crafted in USA",195,Active,274.99,C46O-100,B0H8VY6DT9,"Create your own magnet design with a personal touch; select your preferred text, font size, and images to highlight your ideas for personal or business purposes. You can also upload images to personalize your car or any magnetic surface at home. It can be used for a variety of purposes, including expressing yourself by adding messages and characters to your design | Customize your vehicle or home with this good-quality personalized magnet made from our most durable magnetic vinyl. Ideal for trucks, lockers, mailboxes, refrigerators, and more, this versatile magnet is built to last. It is waterproof and heat-resistant, making it ideal for outdoor use. Printed with UV-resistant inks, it remains fade-resistant. Our magnets are non-reflective, ensuring they blend seamlessly with any surface. 𝐍𝐨𝐭𝐞: 𝐄𝐧𝐬𝐮𝐫𝐞 𝐲𝐨𝐮𝐫 𝐬𝐮𝐫𝐟𝐚𝐜𝐞 𝐢𝐬 𝐦𝐚𝐝𝐞 𝐨𝐟 𝐬𝐭𝐞𝐞𝐥. 𝐓𝐡𝐢𝐬 𝐦𝐚𝐠𝐧𝐞𝐭 𝐰𝐢𝐥𝐥 𝐧𝐨𝐭 𝐚𝐝𝐡𝐞𝐫𝐞 𝐭𝐨 𝐟𝐢𝐛𝐞𝐫𝐠𝐥𝐚𝐬𝐬, 𝐩𝐥𝐚𝐬𝐭𝐢𝐜, 𝐚𝐥𝐮𝐦𝐢𝐧𝐮𝐦, 𝐨𝐫 𝐚𝐧𝐲 𝐨𝐭𝐡𝐞𝐫 𝐧𝐨𝐧-𝐦𝐞𝐭𝐚𝐥 𝐬𝐮𝐫𝐟𝐚𝐜𝐞𝐬. | Choose your size; choose your magnet standard size from the dropdown menu to achieve the exact look you desire for your vehicle. Available sizes: 10x3 Inch (1 count) 8x3 Inch (1 count), 5 Inch Round (1 count, 25,50, 100 pcs), 6 inch Round (1 count), 5 Inch Pawprint (1 count), 4x6 Inches Oval (1 count),3.5x2 (25 pcs), 3.5x2 (50 pcs), 3.5x2 (100 pcs), 2x7 dog bone | High-resolution digital printing; this magnet is made of durable and long-lasting 30 mil thick magnetic vinyl. It has a very strong adhesive backing and will adhere to any magnetic surface, making it ideal for most applications. High-resolution digital printing is a sophisticated technique that employs cutting-edge inkjet technology. As a result, you get a vibrant, colorful finish that is not only simple to apply but also looks great on your vehicle. | Care and instructions; clean the surface thoroughly with a damp cloth and non-abrasive cleanser. Ensure the surface is fully dry place the magnet on the desired surface. This automotive magnet is removable and reusable.","Customizable Oval Magnet 4x6 Inch 100 pc, Made in USA",NO,2026-09-01T08:33:18.602Z
2-TOP25_BY_SALES,B072FKY9B3,"13.1 Half Marathon Black Oval Car Magnet Decal, Made in USA",59,Active,8.99,O-1,B0B7278NVF,"Dress up your space; we have a design for every personality. Whether you want to show pride for your country, make the driver behind you smile, or give an awesome gift, we have something for everyone | Crafted from strong and durable magnetic vinyl; this ensures that the magnet adheres securely to metal surfaces and will maintain its magnetic strength over time. Our magnets are waterproof and heat resistant, which makes them ideal for outdoor use. We make our magnets with UV-resistant inks so that they do not fade over time from sun exposure | Endless possibilities; our heavy-duty magnets are ideal for use on cars, trucks, SUVs, mailboxes, refrigerators, toolboxes, etc. Easily removable and reusable, you can proudly display this flexible magnet in a plethora of spaces. Please ensure that your surface is composed of steel rather than fiberglass, plastic, or aluminum. Magnets will not stick to non-metal surfaces | Crafted in the USA; we uphold our commitment to American craftsmanship by producing all our products in the USA | Quality and satisfaction assurance; we manufacture our magnets to meet high standards. If you experience anything less than perfection, we ask for you to reach out to us so we can make it right","13.1 Half Marathon Black Oval Car Magnet 4x6 Inch, Made in USA",NO,2026-09-01T08:33:18.602Z
2-TOP25_BY_SALES,B0FSTGVRYR,"Don't Honk at Me My Dad is Dead Funny Car Magnet Decal, Gag Gift",64,Active,8.99,38-127,,"😂 𝗛𝗶𝗹𝗮𝗿𝗶𝗼𝘂𝘀𝗹𝘆 𝗨𝗻𝗲𝘅𝗽𝗲𝗰𝘁𝗲𝗱 𝗦𝘁𝗮𝘁𝗲𝗺𝗲𝗻𝘁 𝗣𝗶𝗲𝗰𝗲 – Turn heads and spark laughs with this cheeky magnet that reads “Don’t Honk at Me My Dad is Dead.” Perfect for drivers with a dark sense of humor, this gag decal adds a playful, attention-grabbing twist to your ride while keeping things lighthearted. | 🧲 𝗠𝗮𝗱𝗲 𝗳𝗿𝗼𝗺 𝘀𝘁𝗿𝗼𝗻𝗴 𝗮𝗻𝗱 𝗱𝘂𝗿𝗮𝗯𝗹𝗲 𝗺𝗮𝗴𝗻𝗲𝘁𝗶𝗰 𝘃𝗶𝗻𝘆𝗹; this ensures that the magnet adheres securely to metal surfaces and will maintain its magnetic strength over time. Our magnets are waterproof and heat resistant, which makes them ideal for outdoor use. We make our magnets with UV-resistant inks so that they do not fade over time from sun exposure. | 🧲 𝗘𝗻𝗱𝗹𝗲𝘀𝘀 𝗽𝗼𝘀𝘀𝗶𝗯𝗶𝗹𝗶𝘁𝗶𝗲𝘀; our heavy-duty magnets are ideal for use on cars, trucks, SUVs, mailboxes, refrigerators, toolboxes, etc. Easily removable and reusable, you can proudly display this flexible magnet in a plethora of spaces. Please ensure that your surface is composed of steel rather than fiberglass, plastic, or aluminum. Magnets will not stick to non-metal surfaces. | 🧲 𝗖𝗿𝗮𝗳𝘁𝗲𝗱 𝗶𝗻 𝘁𝗵𝗲 𝗨𝗦𝗔; we uphold our commitment to American craftsmanship by producing all our products in the USA. | 🧲 𝗤𝘂𝗮𝗹𝗶𝘁𝘆 𝗮𝗻𝗱 𝘀𝗮𝘁𝗶𝘀𝗳𝗮𝗰𝘁𝗶𝗼𝗻 𝗮𝘀𝘀𝘂𝗿𝗮𝗻𝗰𝗲; we manufacture our magnets to meet high standards. If you experience anything less than perfection, we ask for you to reach out to us so we can make the right whiteboard accessories.",Don’t Honk at Me My Dad is Dead 8x3 Inch Dark Humor Gag Gift Magnet,NO,2026-09-01T08:33:18.602Z
2-TOP25_BY_SALES,B071VW9RGR,"26.2 Marathon Black Oval Car Magnet Decal, Made in USA",54,Active,8.99,O-3,B0B72BDVDW,"Dress up your space; we have a design for every personality. Whether you want to show pride for your country, make the driver behind you smile, or give an awesome gift, we have something for everyone | Crafted from strong and durable magnetic vinyl; this ensures that the magnet adheres securely to metal surfaces and will maintain its magnetic strength over time. Our magnets are waterproof and heat resistant, which makes them ideal for outdoor use. We make our magnets with UV-resistant inks so that they do not fade over time from sun exposure | Endless possibilities; our heavy-duty magnets are ideal for use on cars, trucks, SUVs, mailboxes, refrigerators, toolboxes, etc. Easily removable and reusable, you can proudly display this flexible magnet in a plethora of spaces. Please ensure that your surface is composed of steel rather than fiberglass, plastic, or aluminum. Magnets will not stick to non-metal surfaces | Crafted in the USA; we uphold our commitment to American craftsmanship by producing all our products in the USA | Quality and satisfaction assurance; we manufacture our magnets to meet high standards. If you experience anything less than perfection, we ask for you to reach out to us so we can make it right","26.2 Marathon Black Oval Car Magnet 4x6 Inch, Made in USA",NO,2026-09-01T08:33:18.602Z
2-TOP25_BY_SALES,B075GWQ8S2,"Magnet Me Up Adhesive Bandage Symbol Decal - 3x8 Inches, Heavy-Duty Automotive Magnet for Car, Truck, SUV, Any Magnetic Surface - Unique and Symbolic Auto Magnet for Care and Support, Made in USA",195,Active,8.99,38-76,,"Dress up your space; we have a design for every personality. Whether you want to show pride for your country, make the driver behind you smile, or give an awesome gift, we have something for everyone | Crafted from strong and durable magnetic vinyl; this ensures that the magnet adheres securely to metal surfaces and will maintain its magnetic strength over time. Our magnets are waterproof and heat resistant, which makes them ideal for outdoor use. We make our magnets with UV-resistant inks so that they do not fade over time from sun exposure | Endless possibilities; our heavy-duty magnets are ideal for use on cars, trucks, SUVs, mailboxes, refrigerators, toolboxes, etc. Easily removable and reusable, you can proudly display this flexible magnet in a plethora of spaces. Please ensure that your surface is composed of steel rather than fiberglass, plastic, or aluminum. Magnets will not stick to non-metal surfaces | Endless possibilities; our heavy-duty magnets are ideal for use on cars, trucks, SUVs, mailboxes, refrigerators, toolboxes, etc. Easily removable and reusable, you can proudly display this flexible magnet in a plethora of spaces. Please ensure that your surface is composed of steel rather than fiberglass, plastic, or aluminum. Magnets will not stick to non-metal surfaces | Crafted in the USA; we uphold our commitment to American craftsmanship by producing all our products in the USA","Adhesive Bandage Symbol Car Magnet 3x8 Inch, Made in USA",NO,2026-09-01T08:33:18.602Z
2-TOP25_BY_SALES,B076HZBQ47,"My Dog is Smarter Than The President Pawprint Car Magnet Decal, Made in USA",75,Active,8.99,P-59,B0BBYVPR7B,"Dress up your space; we have a design for every personality. Whether you want to show pride for your country, make the driver behind you smile, or give an awesome gift, we have something for everyone | Premium grade material; our magnets are made from strong and durable magnetic vinyl. This ensures that the magnet adheres securely to metal surfaces and will maintain its magnetic strength over time. Our magnets are waterproof and heat resistant, which makes them ideal for outdoor use. We make our magnets with UV-resistant inks so that they do not fade over time from sun exposure | Endless possibilities; our heavy-duty magnets are ideal for cars, trucks, SUVs, mailboxes, refrigerators, toolboxes, etc. Easily removable and reusable, you can proudly display this flexible magnet in a plethora of spaces. Please ensure that your surface is composed of steel rather than fiberglass, plastic, or aluminum. Magnets will not stick to non-metal surfaces | Crafted in the USA; we uphold our commitment to American craftsmanship by producing all our products in the USA | Quality and satisfaction assurance; we manufacture our magnets to meet high standards. If you experience anything less than perfection, we ask for you to reach out to us so we can make it right","My Dog is Smarter Than The President Car Magnet 5 Inch, Dog Lover Gift",NO,2026-09-01T08:33:18.602Z
2-TOP25_BY_SALES,B0CZ7NRVCX,"Custom Round Car Magnet 5 Inch 5 Pack, Business Logo, Your Text",63,Active,39.99,C5RO-5,B0H8VY6DT9,"𝗖𝗨𝗦𝗧𝗢𝗠-𝗣𝗥𝗜𝗡𝗧𝗘𝗗 𝟱 𝗜𝗡𝗖𝗛 𝗥𝗢𝗨𝗡𝗗 𝗠𝗔𝗚𝗡𝗘𝗧, 𝗠𝗔𝗗𝗘 𝗜𝗡 𝗨𝗦𝗔 - Your design is printed edge to edge in full, vibrant color on a heavy 30 mil magnetic base - noticeably thicker and sturdier than thin 20 mil magnets. Printed in our own U.S. facility for a quick turnaround. | 𝗨𝗣𝗟𝗢𝗔𝗗 𝗬𝗢𝗨𝗥 𝗜𝗠𝗔𝗚𝗘, 𝗟𝗢𝗚𝗢, 𝗢𝗥 𝗧𝗘𝗫𝗧 - 𝗜𝗧 𝗣𝗥𝗜𝗡𝗧𝗦 𝗘𝗫𝗔𝗖𝗧𝗟𝗬 𝗔𝗦 𝗬𝗢𝗨 𝗦𝗘𝗡𝗗 𝗜𝗧 - Add a photo, company logo, team name, or custom wording right on the product page. No design skills needed and no minimum order - what you upload is what we print, in sharp full color. | 𝗠𝗔𝗞𝗘 𝗜𝗧 𝗣𝗘𝗥𝗦𝗢𝗡𝗔𝗟 - 𝗙𝗢𝗥 𝗖𝗔𝗥𝗦, 𝗙𝗥𝗜𝗗𝗚𝗘𝗦, 𝗟𝗢𝗖𝗞𝗘𝗥𝗦 & 𝗚𝗜𝗙𝗧𝗦 - Show off a pet photo, family picture, favorite quote, or original artwork. Works on car doors and bumpers, refrigerators, school lockers, and mailboxes - and makes a thoughtful, fully personalized gift. | 𝗕𝗨𝗜𝗟𝗧 𝗙𝗢𝗥 𝗕𝗨𝗦𝗜𝗡𝗘𝗦𝗦, 𝗧𝗘𝗔𝗠𝗦 & 𝗙𝗨𝗡𝗗𝗥𝗔𝗜𝗦𝗘𝗥𝗦 - Turn your logo into rolling advertising, or hand out branded magnets at events. Ideal for small businesses, real estate, sports teams, schools, churches, and fundraisers. Bulk packs from 5 up to 1,000 - order more, pay less per magnet. | 𝗔 𝗠𝗔𝗚𝗡𝗘𝗧, 𝗡𝗢𝗧 𝗔 𝗕𝗨𝗠𝗣𝗘𝗥 𝗦𝗧𝗜𝗖𝗞𝗘𝗥 - 𝗥𝗘𝗠𝗢𝗩𝗘𝗦 𝗖𝗟𝗘𝗔𝗡, 𝗥𝗘𝗨𝗦𝗘𝗦 𝗙𝗢𝗥 𝗬𝗘𝗔𝗥𝗦 - Weatherproof and UV-resistant for the outdoors, with a paint-safe backing that lifts off with no residue, peeling, or sticky mess - everything a bumper sticker can't do. Reposition it as often as you like.","Custom Round Car Magnet 5 Inch 5 Pack, Made in USA",NO,2026-09-01T08:33:18.602Z
2-TOP25_BY_SALES,B0G6G3LTY5,"I Choose Violence Frog Round Car Funny Magnet Decal, Made in USA",64,Active,8.99,5R-158,B0H5SDYZDL,"🧲 𝗕𝗼𝗹𝗱 𝟱"" 𝗥𝗼𝘂𝗻𝗱 𝗖𝗮𝗿 𝗠𝗮𝗴𝗻𝗲𝘁: This funny car magnet features a vibrant “I Choose Violence Frog” design printed in full color for eye-catching visibility. A great magnetic decal for cars, fridges, toolboxes, and more. | 🧲 𝗠𝗮𝗱𝗲 𝗳𝗿𝗼𝗺 𝘀𝘁𝗿𝗼𝗻𝗴 𝗮𝗻𝗱 𝗱𝘂𝗿𝗮𝗯𝗹𝗲 𝗺𝗮𝗴𝗻𝗲𝘁𝗶𝗰 𝘃𝗶𝗻𝘆𝗹; this ensures that the magnet adheres securely to metal surfaces and will maintain its magnetic strength over time. Our magnets are waterproof and heat resistant, which makes them ideal for outdoor use. We make our magnets with UV-resistant inks so that they do not fade over time from sun exposure. | 🧲 𝗘𝗻𝗱𝗹𝗲𝘀𝘀 𝗽𝗼𝘀𝘀𝗶𝗯𝗶𝗹𝗶𝘁𝗶𝗲𝘀; our heavy-duty magnets are ideal for use on cars, trucks, SUVs, mailboxes, refrigerators, toolboxes, etc. Easily removable and reusable, you can proudly display this flexible magnet in a plethora of spaces. Please ensure that your surface is composed of steel rather than fiberglass, plastic, or aluminum. Magnets will not stick to non-metal surfaces. | 🧲 𝗖𝗿𝗮𝗳𝘁𝗲𝗱 𝗶𝗻 𝘁𝗵𝗲 𝗨𝗦𝗔; we uphold our commitment to American craftsmanship by producing all our products in the USA. | 🧲 𝗤𝘂𝗮𝗹𝗶𝘁𝘆 𝗮𝗻𝗱 𝘀𝗮𝘁𝗶𝘀𝗳𝗮𝗰𝘁𝗶𝗼𝗻 𝗮𝘀𝘀𝘂𝗿𝗮𝗻𝗰𝗲; we manufacture our magnets to meet high standards. If you experience anything less than perfection, we ask that you to reach out to us so we can make the right whiteboard accessories.","I Choose Violence Frog Round Locker Magnet 5 Inch, Funny Gift, Made in USA",NO,2026-09-01T08:33:18.602Z
2-TOP25_BY_SALES,B09T53542R,"Ouch Band Aid Car Magnet Decal, Made in USA",43,Active,8.99,38-93,B0B6Q9JJV3,"Dress up your space; we have a design for every personality. Whether you want to show pride for your country, make the driver behind you smile, or give an awesome gift, we have something for everyone | Crafted from strong and durable magnetic vinyl; this ensures that the magnet adheres securely to metal surfaces and will maintain its magnetic strength over time. Our magnets are waterproof and heat resistant, which makes them ideal for outdoor use. We make our magnets with UV-resistant inks so that they do not fade over time from sun exposure | Endless possibilities; our heavy-duty magnets are ideal for use on cars, trucks, SUVs, mailboxes, refrigerators, toolboxes, etc. Easily removable and reusable, you can proudly display this flexible magnet in a plethora of spaces. Please ensure that your surface is composed of steel rather than fiberglass, plastic, or aluminum. Magnets will not stick to non-metal surfaces | Endless possibilities; our heavy-duty magnets are ideal for use on cars, trucks, SUVs, mailboxes, refrigerators, toolboxes, etc. Easily removable and reusable, you can proudly display this flexible magnet in a plethora of spaces. Please ensure that your surface is composed of steel rather than fiberglass, plastic, or aluminum. Magnets will not stick to non-metal surfaces | Crafted in the USA; we uphold our commitment to American craftsmanship by producing all our products in the USA",Ouch Band Aid Car Magnet 3x8 Inch,NO,2026-09-01T08:33:18.602Z
2-TOP25_BY_SALES,B0B3NHJ25D,"Magnet Me Up Ice Cream On Board Car Magnet Decal, 5x5 Inches, Heavy Duty Automotive Magnet for Car Truck SUV",108,Active,8.99,M-73,B0BCX9L161,"Dress up your space; we have a design for every personality. Whether you want to show pride for your country, make the driver behind you smile, or give an awesome gift, we have something for everyone | Crafted from strong and durable magnetic vinyl; this ensures that the magnet adheres securely to metal surfaces and will maintain its magnetic strength over time. Our magnets are waterproof and heat resistant, which makes them ideal for outdoor use. We make our magnets with UV-resistant inks so that they do not fade over time from sun exposure | Endless possibilities; our heavy-duty magnets are ideal for use on cars, trucks, SUVs, mailboxes, refrigerators, toolboxes, etc. Easily removable and reusable, you can proudly display this flexible magnet in a plethora of spaces. Please ensure that your surface is composed of steel rather than fiberglass, plastic, or aluminum. Magnets will not stick to non-metal surfaces | Crafted in the USA; we uphold our commitment to American craftsmanship by producing all our products in the USA | Quality and satisfaction assurance; we manufacture our magnets to meet high standards. If you experience anything less than perfection, we ask for you to reach out to us so we can make it right",Ice Cream On Board Car Magnet 5x5 Inch,NO,2026-09-01T08:33:18.602Z
2-TOP25_BY_SALES,B0G2N1KJTL,Please Be Patient Driver Is Blind Funny Car UV s Printed for Gifts Magnet,73,Active,8.99,38-139,B0H5S9MKM8,"🚗 𝗗𝗿𝗶𝘃𝗲 𝗞𝗶𝗻𝗱, 𝗦𝘁𝗮𝘆 𝗦𝗮𝗳𝗲: Spread awareness and compassion on the road with this please be patient driver is blind car magnet. A thoughtful, eye-catching way to remind others to stay calm and considerate while driving near you. | 🧲 𝗠𝗮𝗱𝗲 𝗳𝗿𝗼𝗺 𝘀𝘁𝗿𝗼𝗻𝗴 𝗮𝗻𝗱 𝗱𝘂𝗿𝗮𝗯𝗹𝗲 𝗺𝗮𝗴𝗻𝗲𝘁𝗶𝗰 𝘃𝗶𝗻𝘆𝗹; this ensures that the magnet adheres securely to metal surfaces and will maintain its magnetic strength over time. Our magnets are waterproof and heat resistant, which makes them ideal for outdoor use. We make our magnets with UV-resistant inks so that they do not fade over time from sun exposure. | 🧲 𝗘𝗻𝗱𝗹𝗲𝘀𝘀 𝗽𝗼𝘀𝘀𝗶𝗯𝗶𝗹𝗶𝘁𝗶𝗲𝘀; our heavy-duty magnets are ideal for use on cars, trucks, SUVs, mailboxes, refrigerators, toolboxes, etc. Easily removable and reusable, you can proudly display this flexible magnet in a plethora of spaces. Please ensure that your surface is composed of steel rather than fiberglass, plastic, or aluminum. Magnets will not stick to non-metal surfaces. | 🧲 𝗠𝗮𝗱𝗲 𝗶𝗻 𝘁𝗵𝗲 𝗨𝗦𝗔:; we uphold our commitment to American craftsmanship by producing all our products in the USA. | 🧲 𝗤𝘂𝗮𝗹𝗶𝘁𝘆 𝗮𝗻𝗱 𝘀𝗮𝘁𝗶𝘀𝗳𝗮𝗰𝘁𝗶𝗼𝗻 𝗮𝘀𝘀𝘂𝗿𝗮𝗻𝗰𝗲; we manufacture our magnets to meet high standards. If you experience anything less than perfection, we ask that you to reach out to us so we can make the right whiteboard accessories.","Please Be Patient Driver Is Blind Car Magnet 3x8 Inch, Funny Gift, USA Made",NO,2026-09-01T08:29:08.187Z
2-TOP25_BY_SALES,B083C4ZNXK,"Magnet Me Up Just Married Magnet Decal, 3x8 Inches Heavy Duty Automotive Magnet for Car Truck SUV",97,Active,8.99,38-89,B0B6Q59XYH,"Dress up your space; we have a design for every personality. Whether you want to show pride for your country, make the driver behind you smile, or give an awesome gift, we have something for everyone | Crafted from strong and durable magnetic vinyl; this ensures that the magnet adheres securely to metal surfaces and will maintain its magnetic strength over time. Our magnets are waterproof and heat resistant, which makes them ideal for outdoor use. We make our magnets with UV-resistant inks so that they do not fade over time from sun exposure | Endless possibilities; our heavy-duty magnets are ideal for use on cars, trucks, SUVs, mailboxes, refrigerators, toolboxes, etc. Easily removable and reusable, you can proudly display this flexible magnet in a plethora of spaces. Please ensure that your surface is composed of steel rather than fiberglass, plastic, or aluminum. Magnets will not stick to non-metal surfaces | Endless possibilities; our heavy-duty magnets are ideal for use on cars, trucks, SUVs, mailboxes, refrigerators, toolboxes, etc. Easily removable and reusable, you can proudly display this flexible magnet in a plethora of spaces. Please ensure that your surface is composed of steel rather than fiberglass, plastic, or aluminum. Magnets will not stick to non-metal surfaces | Crafted in the USA; we uphold our commitment to American craftsmanship by producing all our products in the USA",Just Married Car Magnet 3x8 Inch,NO,2026-09-01T08:33:18.602Z
3-RANDOM_SAMPLE_GENERAL,B0BGT4QJZ5,"Support Breast Cancer Awareness Pink Ribbon Car Magnet Decal, 2 Pack",68,Active,10.99,R-52,B0H4MK34CG,"Dress up your space; We have a design for every personality. Whether you want to show pride for your country, make the driver behind you smile, or give a great gift - we have something for everyone. | High quality material; Our magnets are made from strong and durable magnetic vinyl. This ensures that the magnet adheres securely to metal surfaces and will maintain its magnetic strength over time. Our magnets are waterproof and heat resistant, which makes them perfect for outdoor use. We make our magnets with UV-resistant inks so that they do not fade over time from sun exposure. | Endless possibilities; Our heavy-duty magnets are perfect for cars, trucks, SUVs, mailboxes, refrigerators, toolboxes, etc. Easily removable and reusable, you can proudly display this flexible magnet in a plethora of spaces. Please ensure that your surface is composed of steel rather than fiberglass, plastic, or aluminum. Magnets will not stick to non-metal surfaces. | Made in the USA; All of our products are proudly made in the USA. | Quality and satisfaction assurance; At Magnet Me Up we manufacture our magnets to the highest standards. If you experience anything less than perfection, we ask for you to reach out to us so we can make it right.",Support Breast Cancer Awareness Pink Ribbon Car Magnet 3.5x7 Inch 2 Pack,NO,2026-09-01T08:33:18.602Z
3-RANDOM_SAMPLE_GENERAL,B076PVFRK4,"Breast Cancer Survivor Pink Ribbon Car Magnet Decal, Made in USA",64,Active,8.99,R-33,B0H4MK34CG,"DRESS UP YOUR SPACE - We have a design for every personality! Whether you want to show pride for your country, make the driver behind you smile, or give a great gift - we have something for everyone! | HIGH QUALITY MATERIAL - Our magnets are made from strong and durable magnetic vinyl. This ensures that the magnet adheres securely to metal surfaces and will maintain its magnetic strength over time. Our magnets are waterproof and heat resistant, which makes them perfect for outdoor use. We make our magnets with UV-resistant inks so that they do not fade over time from sun exposure. | ENDLESS POSSIBILITIES - Our heavy-duty magnets are perfect for cars, trucks, SUVs, mailboxes, refrigerators, toolboxes, etc. Easily removable and reusable, you can proudly display this flexible magnet in a plethora of spaces! Please ensure that your surface is composed of steel rather than fiberglass, plastic, or aluminum. Magnets will not stick to non-metal surfaces. | MADE IN THE USA - All of our products are proudly made in the USA. | QUALTY AND SATISFACTION ASSURANCE – At Magnet Me Up we manufacture our magnets to the highest standards. If you experience anything less than perfection, we ask for you to reach out to us so we can make it right!",Breast Cancer Survivor Pink Ribbon Car Magnet 3.5x7 Inch,NO,2026-09-01T08:33:18.602Z
3-RANDOM_SAMPLE_GENERAL,B07JCFCJJF,"Magnet Me Up: 13.1 Half Marathon Black Oval Magnet Decal - 4x6 Inches - 2 Pack - Heavy-Duty Automotive Magnets for Car, Truck, SUV - Runner's Pride Magnets - Show Your Achievement",179,Active,10.99,O-160,B0B7278NVF,"Dress up your space; we have a design for every personality. Whether you want to show pride for your country, make the driver behind you smile, or give an awesome gift, we have something for everyone | Crafted from strong and durable magnetic vinyl; this ensures that the magnet adheres securely to metal surfaces and will maintain its magnetic strength over time. Our magnets are waterproof and heat resistant, which makes them ideal for outdoor use. We make our magnets with UV-resistant inks so that they do not fade over time from sun exposure | Endless possibilities; our heavy-duty magnets are ideal for use on cars, trucks, SUVs, mailboxes, refrigerators, toolboxes, etc. Easily removable and reusable, you can proudly display this flexible magnet in a plethora of spaces. Please ensure that your surface is composed of steel rather than fiberglass, plastic, or aluminum. Magnets will not stick to non-metal surfaces | Crafted in the USA; we uphold our commitment to American craftsmanship by producing all our products in the USA | Quality and satisfaction assurance; we manufacture our magnets to meet high standards. If you experience anything less than perfection, we ask for you to reach out to us so we can make it right",13.1 Half Marathon Black Oval Car Magnet 4x6 Inch 2 Pack,NO,2026-09-01T08:33:18.602Z
3-RANDOM_SAMPLE_GENERAL,B0F94K3RNC,"Magnet Me Up Magnetic Vent Cover 13x6 Inch Fits 12x5.5 Vents, 3 Pack, Strong Magnetic Register Cover for Floor, Wall & Ceiling Vents, Reusable HVAC Air Blocker, Cut-to-Fit Trim to Size, Made in USA",197,Active,11.99,V-3,B0F95QKCQM,"🧲 𝗦𝘁𝗿𝗼𝗻𝗴 𝗠𝗮𝗴𝗻𝗲𝘁𝗶𝗰 𝗛𝗼𝗹𝗱 𝗳𝗼𝗿 𝗙𝗹𝗼𝗼𝗿, 𝗪𝗮𝗹𝗹 & 𝗖𝗲𝗶𝗹𝗶𝗻𝗴 𝗩𝗲𝗻𝘁𝘀: Designed to stay in place, our magnetic vent covers fit snugly over metal registers on floors, walls, and ceilings — helping to block airflow with a secure seal and no slipping. | 🧲 𝗜𝗺𝗽𝗿𝗼𝘃𝗲 𝗛𝗩𝗔𝗖 𝗘𝗳𝗳𝗶𝗰𝗶𝗲𝗻𝗰𝘆 & 𝗥𝗼𝗼𝗺 𝗖𝗼𝗺𝗳𝗼𝗿𝘁: Use as an air blocker to redirect airflow and reduce energy waste. Ideal for unused rooms, this vent cover helps balance temperature throughout your home or office. | 🧲 𝗘𝗮𝘀𝘆 𝘁𝗼 𝗧𝗿𝗶𝗺 & 𝗖𝘂𝘀𝘁𝗼𝗺𝗶𝘇𝗲 𝘁𝗼 𝗙𝗶𝘁: At 13x6 inches, each cover is easy to cut with household scissors, letting you shape it to fit odd-sized or irregular vents — perfect for personalized comfort and utility. | 🧲 𝗥𝗲𝘂𝘀𝗮𝗯𝗹𝗲 & 𝗘𝗮𝘀𝘆 𝘁𝗼 𝗔𝗽𝗽𝗹𝘆 𝗼𝗿 𝗥𝗲𝗺𝗼𝘃𝗲: Flexible and reusable - just place over your vent, press into place, and remove or reposition whenever needed. Great for seasonal or room-by-room use. | 🧲 𝗠𝗮𝗱𝗲 𝗶𝗻 𝘁𝗵𝗲 𝗨𝗦𝗔 𝘄𝗶𝘁𝗵 𝗗𝘂𝗿𝗮𝗯𝗹𝗲 𝗠𝗮𝘁𝗲𝗿𝗶𝗮𝗹𝘀: This cover uses premium magnetic sheeting and UV-printed vinyl for long-lasting performance you can rely on year-round.","Magnetic Vent Cover 13x6 Inch Fits 12x5.5 Vents, 3 Pack",NO,2026-09-01T08:33:18.602Z
3-RANDOM_SAMPLE_GENERAL,B09QRLMJHZ,"Magnet Me Up Head and Neck Cancer Awareness Burgundy and Ivory Ribbon Magnet Decal, 3.5x7 Inches, Heavy Duty Automotive Magnet for Car Truck SUV, Showing Support or Fundraising, Crafted in USA",192,Active,8.99,R-62,B0H4HF8FGL,"Dress up your space; We have a design for every personality. Whether you want to show pride for your country, make the driver behind you smile, or give a great gift - we have something for everyone. | High quality material; Our magnets are made from strong and durable magnetic vinyl. This ensures that the magnet adheres securely to metal surfaces and will maintain its magnetic strength over time. Our magnets are waterproof and heat resistant, which makes them perfect for outdoor use. We make our magnets with UV-resistant inks so that they do not fade over time from sun exposure. | Endless possibilities; Our heavy-duty magnets are perfect for cars, trucks, SUVs, mailboxes, refrigerators, toolboxes, etc. Easily removable and reusable, you can proudly display this flexible magnet in a plethora of spaces. Please ensure that your surface is composed of steel rather than fiberglass, plastic, or aluminum. Magnets will not stick to non-metal surfaces. | Made in the USA; All of our products are proudly made in the USA. | Quality and satisfaction assurance; at Magnet Me Up we manufacture our magnets to the highest standards. If you experience anything less than perfection, we ask for you to reach out to us so we can make it right.","Head and Neck Cancer Awareness Ribbon Magnet Decal, 3.5x7 Inches",NO,2026-09-01T08:33:18.602Z
3-RANDOM_SAMPLE_GENERAL,B0GY5L15ZV,"Magnet Me Up My Other Car is A Broom 3x8 Inches Car Magnet - Funny Halloween Witch Magnetic Decals for Cars, Trucks and SUVs Accessory, Waterproof Full Color UV-Printed Vinyl, Crafted in USA",190,Active,8.99,38-162,B0CJGKHP94,"🧙 𝗙𝘂𝗻𝗻𝘆 𝗪𝗶𝘁𝗰𝗵 𝗖𝗮𝗿 𝗠𝗮𝗴𝗻𝗲𝘁: “My Other Car Is a Broom” car magnet is a playful and eye-catching funny magnet accessory perfect for Halloween lovers, witches, and humor fans. Great for cars, trucks, and SUVs. | 🧲 𝗠𝗮𝗱𝗲 𝗳𝗿𝗼𝗺 𝘀𝘁𝗿𝗼𝗻𝗴 𝗮𝗻𝗱 𝗱𝘂𝗿𝗮𝗯𝗹𝗲 𝗺𝗮𝗴𝗻𝗲𝘁𝗶𝗰 𝘃𝗶𝗻𝘆𝗹; this ensures that the magnet adheres securely to metal surfaces and will maintain its magnetic strength over time. Our magnets are waterproof and heat resistant, which makes them ideal for outdoor use. We make our magnets with UV-resistant inks so that they do not fade over time from sun exposure. | 🧲 𝗘𝗻𝗱𝗹𝗲𝘀𝘀 𝗽𝗼𝘀𝘀𝗶𝗯𝗶𝗹𝗶𝘁𝗶𝗲𝘀; our heavy-duty magnets are ideal for use on cars, trucks, SUVs, mailboxes, refrigerators, toolboxes, etc. Easily removable and reusable, you can proudly display this flexible magnet in a plethora of spaces. Please ensure that your surface is composed of steel rather than fiberglass, plastic, or aluminum. Magnets will not stick to non-metal surfaces. | 🧲 𝗠𝗮𝗱𝗲 𝗶𝗻 𝘁𝗵𝗲 𝗨𝗦𝗔:; we uphold our commitment to American craftsmanship by producing all our products in the USA. | 🧲 𝗤𝘂𝗮𝗹𝗶𝘁𝘆 𝗮𝗻𝗱 𝘀𝗮𝘁𝗶𝘀𝗳𝗮𝗰𝘁𝗶𝗼𝗻 𝗮𝘀𝘀𝘂𝗿𝗮𝗻𝗰𝗲; we manufacture our magnets to meet high standards. If you experience anything less than perfection, we ask that you to reach out to us so we can make the right whiteboard accessories.","My Other Car is A Broom Car Magnet 3x8 Inch, Funny Gift, Made in USA",NO,2026-09-01T08:33:18.602Z
3-RANDOM_SAMPLE_GENERAL,B0FK7FPB78,"Magnet Me Up Mississippi State Magnet, 2.8x4.9 Inches, Full-Color UV Printed Vinyl, Collectible US Shape Travel Gift, Durable Magnetic Decal for Fridge or Vehicle, Made in USA",175,Active,8.99,M-332,B0FL4VBMKD,"🎺 𝗠𝗶𝘀𝘀𝗶𝘀𝘀𝗶𝗽𝗽𝗶 𝗦𝘁𝗮𝘁𝗲 𝗠𝗮𝗴𝗻𝗲𝘁 – A Deep South Heritage Souvenir. Honor the heart of the Delta with this Mississippi State Magnet, shaped and styled to represent the birthplace of blues and Southern culture. A great travel gift for music lovers, road trippers, or local pride collections. | 🧲 𝗠𝗮𝗱𝗲 𝗳𝗿𝗼𝗺 𝘀𝘁𝗿𝗼𝗻𝗴 𝗮𝗻𝗱 𝗱𝘂𝗿𝗮𝗯𝗹𝗲 𝗺𝗮𝗴𝗻𝗲𝘁𝗶𝗰 𝘃𝗶𝗻𝘆𝗹; this ensures that the magnet adheres securely to metal surfaces and will maintain its magnetic strength over time. Our magnets are waterproof and heat resistant, which makes them ideal for outdoor use. We make our magnets with UV-resistant inks so that they do not fade over time from sun exposure. | 🧲 𝗘𝗻𝗱𝗹𝗲𝘀𝘀 𝗽𝗼𝘀𝘀𝗶𝗯𝗶𝗹𝗶𝘁𝗶𝗲𝘀; our heavy-duty magnets are ideal for use on cars, trucks, SUVs, mailboxes, refrigerators, toolboxes, etc. Easily removable and reusable, you can proudly display this flexible magnet in a plethora of spaces. Please ensure that your surface is composed of steel rather than fiberglass, plastic, or aluminum. Magnets will not stick to non-metal surfaces. | 🧲 𝗠𝗮𝗱𝗲 𝗶𝗻 𝘁𝗵𝗲 𝗨𝗦𝗔:; we uphold our commitment to American craftsmanship by producing all our products in the USA. | 🧲 𝗤𝘂𝗮𝗹𝗶𝘁𝘆 𝗮𝗻𝗱 𝘀𝗮𝘁𝗶𝘀𝗳𝗮𝗰𝘁𝗶𝗼𝗻 𝗮𝘀𝘀𝘂𝗿𝗮𝗻𝗰𝗲; we manufacture our magnets to meet high standards. If you experience anything less than perfection, we ask that you to reach out to us so we can make the right whiteboard accessories.","Mississippi State Car Magnet 2.8x4.9 Inch, Made in USA",NO,2026-09-01T08:33:18.602Z
3-RANDOM_SAMPLE_GENERAL,B0D5BSSP74,"Magnet Me Up Pennsylvania Liberty Bell State Oval Magnet Decal, 4x6 inch, Automotive Magnet for Car, Great Souvenir Gift for American History Enthusiasts for Freedom and Democracy, Crafted in USA",195,Active,8.99,O-260,B0FL88Z3PR,"Embark on a journey through the rich tapestry of American history with our captivating 4x6 oval magnet, showcasing the iconic landmarks of Pennsylvania and the legendary Liberty Bell; behold the Liberty Bell, an enduring symbol of freedom and democracy, proudly displayed against the backdrop of Pennsylvania's historic landscape. Let its timeless message of independence resonate in your home or on your vehicle. | Crafted from strong and durable magnetic vinyl; this ensures that the magnet adheres securely to metal surfaces and will maintain its magnetic strength over time. Our magnets are waterproof and heat resistant, which makes them ideal for outdoor use. We make our magnets with UV-resistant inks so that they do not fade over time from sun exposure | Endless possibilities; our heavy-duty magnets are ideal for use on cars, trucks, SUVs, mailboxes, refrigerators, toolboxes, etc. Easily removable and reusable, you can proudly display this flexible magnet in a plethora of spaces. Please ensure that your surface is composed of steel rather than fiberglass, plastic, or aluminum. Magnets will not stick to non-metal surfaces | Crafted in the USA; we uphold our commitment to American craftsmanship by producing all our products in the USA | Quality and satisfaction assurance; we manufacture our magnets to meet high standards. If you experience anything less than perfection, we ask for you to reach out to us so we can make it right","Pennsylvania Liberty Bell State Oval Car Magnet 4x6 Inch, Made in USA",NO,2026-09-01T08:33:18.602Z
3-RANDOM_SAMPLE_GENERAL,B0CZ4LD67D,"Magnet Me Up Nebraska Chimney Rock State Scenic Oval Magnet Decal, 4x6 inch, Automotive Magnet for Car, Great Gift or Souvenir for Nature Enthusiasts, Crafted in USA",165,Active,8.99,O-253,B0FL4SDFXW,"Capture the Iconic Beauty of Nebraska's Chimney Rock with Our Magnet; embark on a journey through the rugged landscapes of the American Wes, featuring a breathtaking image of Nebraska's iconic natural wonder, our magnet transports you to a realm of towering spires and panoramic vistas, where the spirit of exploration and adventure reigns supreme. | Crafted from strong and durable magnetic vinyl; this ensures that the magnet adheres securely to metal surfaces and will maintain its magnetic strength over time. Our magnets are waterproof and heat resistant, which makes them ideal for outdoor use. We make our magnets with UV-resistant inks so that they do not fade over time from sun exposure | Endless possibilities; our heavy-duty magnets are ideal for use on cars, trucks, SUVs, mailboxes, refrigerators, toolboxes, etc. Easily removable and reusable, you can proudly display this flexible magnet in a plethora of spaces. Please ensure that your surface is composed of steel rather than fiberglass, plastic, or aluminum. Magnets will not stick to non-metal surfaces | Crafted in the USA; we uphold our commitment to American craftsmanship by producing all our products in the USA | Quality and satisfaction assurance; we manufacture our magnets to meet high standards. If you experience anything less than perfection, we ask for you to reach out to us so we can make it right","Nebraska Chimney Rock State Scenic Oval Car Magnet 4x6 Inch, Made in USA",NO,2026-09-01T08:33:18.602Z
3-RANDOM_SAMPLE_GENERAL,B0FJS7L8PQ,"Magnet Me Up Ephesus Ruins Magnet Decal, 5"" Round Full-Color Automotive Magnet Featuring Ancient Roman Architecture in Turkey, Durable Weatherproof Magnetic Vinyl, Travel Gift Ideas, Made in The USA",198,Active,8.99,5R-144,B0FJPW6C7T,"🏛️ 𝗘𝗽𝗵𝗲𝘀𝘂𝘀 𝗥𝘂𝗶𝗻𝘀 𝗠𝗮𝗴𝗻𝗲𝘁 – A Classic Ancient History Souvenir Bring home the legacy of one of the world's greatest archaeological sites with this Ephesus Ruins Magnet, capturing the grandeur of Roman architecture in Turkey. A timeless Turkish travel souvenir for history buffs and world travelers. | 🧲 𝗠𝗮𝗱𝗲 𝗳𝗿𝗼𝗺 𝘀𝘁𝗿𝗼𝗻𝗴 𝗮𝗻𝗱 𝗱𝘂𝗿𝗮𝗯𝗹𝗲 𝗺𝗮𝗴𝗻𝗲𝘁𝗶𝗰 𝘃𝗶𝗻𝘆𝗹; this ensures that the magnet adheres securely to metal surfaces and will maintain its magnetic strength over time. Our magnets are waterproof and heat resistant, which makes them ideal for outdoor use. We make our magnets with UV-resistant inks so that they do not fade over time from sun exposure. | 🧲 𝗘𝗻𝗱𝗹𝗲𝘀𝘀 𝗽𝗼𝘀𝘀𝗶𝗯𝗶𝗹𝗶𝘁𝗶𝗲𝘀; our heavy-duty magnets are ideal for use on cars, trucks, SUVs, mailboxes, refrigerators, toolboxes, etc. Easily removable and reusable, you can proudly display this flexible magnet in a plethora of spaces. Please ensure that your surface is composed of steel rather than fiberglass, plastic, or aluminum. Magnets will not stick to non-metal surfaces. | 🧲 𝗖𝗿𝗮𝗳𝘁𝗲𝗱 𝗶𝗻 𝘁𝗵𝗲 𝗨𝗦𝗔; we uphold our commitment to American craftsmanship by producing all our products in the USA. | 🧲 𝗤𝘂𝗮𝗹𝗶𝘁𝘆 𝗮𝗻𝗱 𝘀𝗮𝘁𝗶𝘀𝗳𝗮𝗰𝘁𝗶𝗼𝗻 𝗮𝘀𝘀𝘂𝗿𝗮𝗻𝗰𝗲; we manufacture our magnets to meet high standards. If you experience anything less than perfection, we ask for you to reach out to us so we can make the right whiteboard accessories.","Ephesus Ruins Car Magnet 5 Inch Round, Made in USA",NO,2026-09-01T08:33:18.602Z
3-RANDOM_SAMPLE_GENERAL,B0BZJVDCBR,"Magnet Me Up Canada Canadian Euro Oval Magnet Decal, 4x6 Inches, Heavy Duty for Car, Truck, SUV, Or Any Other Magnetic Surface",126,Active,8.99,O-207,,"Dress up your space; we have a design for every personality. Whether you want to show pride for your country, make the driver behind you smile, or give an awesome gift, we have something for everyone | Crafted from strong and durable magnetic vinyl; this ensures that the magnet adheres securely to metal surfaces and will maintain its magnetic strength over time. Our magnets are waterproof and heat resistant, which makes them ideal for outdoor use. We make our magnets with UV-resistant inks so that they do not fade over time from sun exposure | Endless possibilities; our heavy-duty magnets are ideal for use on cars, trucks, SUVs, mailboxes, refrigerators, toolboxes, etc. Easily removable and reusable, you can proudly display this flexible magnet in a plethora of spaces. Please ensure that your surface is composed of steel rather than fiberglass, plastic, or aluminum. Magnets will not stick to non-metal surfaces | Crafted in the USA; we uphold our commitment to American craftsmanship by producing all our products in the USA | Quality and satisfaction assurance; we manufacture our magnets to meet high standards. If you experience anything less than perfection, we ask for you to reach out to us so we can make it right",Canada Canadian Euro Oval Car Magnet 4x6 Inch,NO,2026-09-01T08:33:18.602Z
3-RANDOM_SAMPLE_GENERAL,B0H6GN65S8,"Magnet Me Up Ehlers-Danlos Syndrome (EDS) Awareness Car Magnet, 3.5""x7"" Zebra Print Ribbon Magnetic Decal for Cars, Trucks and SUVs, EDS Support Heavy Duty Accessory, UV Printed, Crafted in USA",193,Active,8.99,R-191,,"🖤🤍 𝗦𝗵𝗼𝘄 𝗬𝗼𝘂𝗿 𝗦𝘂𝗽𝗽𝗼𝗿𝘁 𝗙𝗼𝗿 𝗘𝗗𝗦 𝗔𝘄𝗮𝗿𝗲𝗻𝗲𝘀𝘀: Display your advocacy with this zebra print Ehlers-Danlos Syndrome (EDS) Awareness Ribbon Car Magnet featuring the message ""EDS Awareness."" The zebra ribbon is a meaningful symbol of support, awareness, and encouragement for individuals and families affected by Ehlers-Danlos Syndrome and other rare conditions. | 🧲 𝗖𝗿𝗮𝗳𝘁𝗲𝗱 𝗳𝗿𝗼𝗺 𝘀𝘁𝗿𝗼𝗻𝗴 𝗮𝗻𝗱 𝗱𝘂𝗿𝗮𝗯𝗹𝗲 𝗺𝗮𝗴𝗻𝗲𝘁𝗶𝗰 𝘃𝗶𝗻𝘆𝗹; this ensures that the magnet bumper sticker adheres securely to metal surfaces and will maintain its magnetic strength over time. Our magnets are waterproof and heat resistant, ideal for outdoor use. Full-color UV printing gives lasting visibility and prevents fading from sun exposure. | 🧲 𝗘𝗻𝗱𝗹𝗲𝘀𝘀 𝗽𝗼𝘀𝘀𝗶𝗯𝗶𝗹𝗶𝘁𝗶𝗲𝘀; our heavy-duty magnets are ideal for use on cars, trucks, SUVs, mailboxes, refrigerators, toolboxes, and more. Easily removable and reusable, you can proudly display this flexible magnet bumper sticker in a plethora of spaces.𝙋𝙡𝙚𝙖𝙨𝙚 𝙚𝙣𝙨𝙪𝙧𝙚 𝙮𝙤𝙪𝙧 𝙫𝙚𝙝𝙞𝙘𝙡𝙚𝙨 𝙨𝙪𝙧𝙛𝙖𝙘𝙚 𝙞𝙨 𝙢𝙖𝙙𝙚 𝙛𝙧𝙤𝙢 𝙨𝙩𝙚𝙚𝙡, 𝙖𝙨 𝙢𝙖𝙜𝙣𝙚𝙩𝙨 𝙬𝙞𝙡𝙡 𝙣𝙤𝙩 𝙨𝙩𝙞𝙘𝙠 𝙩𝙤 𝙣𝙤𝙣-𝙢𝙚𝙩𝙖𝙡 𝙨𝙪𝙧𝙛𝙖𝙘𝙚𝙨. | 🧲 𝗖𝗿𝗮𝗳𝘁𝗲𝗱 𝗶𝗻 𝘁𝗵𝗲 𝗨𝗦𝗔; we uphold our commitment to American craftsmanship by producing all our products in the USA | 🧲 𝗤𝘂𝗮𝗹𝗶𝘁𝘆 𝗮𝗻𝗱 𝘀𝗮𝘁𝗶𝘀𝗳𝗮𝗰𝘁𝗶𝗼𝗻 𝗮𝘀𝘀𝘂𝗿𝗮𝗻𝗰𝗲; we manufacture our magnets to meet high standards. If you experience anything less than perfection, we ask for you to reach out to us so we can make it right","Ehlers-Danlos Syndrome Car Magnet 3.5x7 Inch Ribbon, Made in USA",NO,2026-09-01T08:27:35.358Z
3-RANDOM_SAMPLE_GENERAL,B0FGFGPCPB,"Magnet Me Up Eiffel Tower Magnet - 5 Inch Round, Paris Souvenir Magnet for Fridge or Office D cor - Full Color UV Printed Vinyl, Durable Weatherproof Magnetic Vinyl, Travel Gift Ideas, Made in USA",196,Active,8.99,5R-126,B0FGZ52JRG,"🧲 𝗣𝗮𝗿𝗶𝘀 𝗦𝗼𝘂𝘃𝗲𝗻𝗶𝗿 𝗠𝗮𝗴𝗻𝗲𝘁 - Celebrate Your Love for Paris: Bring iconic French charm into your home or office with this Eiffel Tower magnet, a perfect Paris souvenir magnet for travel lovers and Francophiles. | 🧲 𝗠𝗮𝗱𝗲 𝗳𝗿𝗼𝗺 𝘀𝘁𝗿𝗼𝗻𝗴 𝗮𝗻𝗱 𝗱𝘂𝗿𝗮𝗯𝗹𝗲 𝗺𝗮𝗴𝗻𝗲𝘁𝗶𝗰 𝘃𝗶𝗻𝘆𝗹; this ensures that the magnet adheres securely to metal surfaces and will maintain its magnetic strength over time. Our magnets are waterproof and heat resistant, which makes them ideal for outdoor use. We make our magnets with UV-resistant inks so that they do not fade over time from sun exposure. | 🧲 𝗘𝗻𝗱𝗹𝗲𝘀𝘀 𝗽𝗼𝘀𝘀𝗶𝗯𝗶𝗹𝗶𝘁𝗶𝗲𝘀; our heavy-duty magnets are ideal for use on cars, trucks, SUVs, mailboxes, refrigerators, toolboxes, etc. Easily removable and reusable, you can proudly display this flexible magnet in a plethora of spaces. Please ensure that your surface is composed of steel rather than fiberglass, plastic, or aluminum. Magnets will not stick to non-metal surfaces. | 🧲 𝗖𝗿𝗮𝗳𝘁𝗲𝗱 𝗶𝗻 𝘁𝗵𝗲 𝗨𝗦𝗔; we uphold our commitment to American craftsmanship by producing all our products in the USA. | 🧲 𝗤𝘂𝗮𝗹𝗶𝘁𝘆 𝗮𝗻𝗱 𝘀𝗮𝘁𝗶𝘀𝗳𝗮𝗰𝘁𝗶𝗼𝗻 𝗮𝘀𝘀𝘂𝗿𝗮𝗻𝗰𝗲; we manufacture our magnets to meet high standards. If you experience anything less than perfection, we ask for you to reach out to us so we can make the right whiteboard accessories.","Eiffel Tower Magnet 5 Inch Round, Made in USA",NO,2026-09-01T08:33:18.602Z
3-RANDOM_SAMPLE_GENERAL,B0H2JHLL7W,"Magnet Me Up Support Leukemia and Kidney Cancer Survivor Orange Ribbon Magnet Decal 3.5x7 Inches, 2 Pack Automotive Magnet for Car Truck SUV Celebration of Strength Admiring Survivors Crafted in USA",198,Active,10.99,R-128,B0H4HGQW6N,"𝗦𝗵𝗼𝘄 𝘆𝗼𝘂𝗿 𝗲𝗻𝗰𝗼𝘂𝗿𝗮𝗴𝗲𝗺𝗲𝗻𝘁 𝘄𝗶𝘁𝗵 𝘁𝗵𝗶𝘀 𝗼𝗿𝗮𝗻𝗴𝗲 𝗿𝗶𝗯𝗯𝗼𝗻 𝗺𝗮𝗴𝗻𝗲𝘁 𝗱𝗲𝗰𝗮𝗹 created to honor leukemia and kidney cancer survivors. This automotive magnet is a meaningful way to celebrate strength, resilience, and survivor pride with vibrant full-color UV printing for long-lasting display indoors or outdoors. | 🧲 𝗖𝗿𝗮𝗳𝘁𝗲𝗱 𝗳𝗿𝗼𝗺 𝘀𝘁𝗿𝗼𝗻𝗴 𝗮𝗻𝗱 𝗱𝘂𝗿𝗮𝗯𝗹𝗲 𝗺𝗮𝗴𝗻𝗲𝘁𝗶𝗰 𝘃𝗶𝗻𝘆𝗹; this ensures that the magnet bumper sticker adheres securely to metal surfaces and will maintain its magnetic strength over time. Our magnets are waterproof and heat resistant, ideal for outdoor use. Full-color UV printing gives lasting visibility and prevents fading from sun exposure. | 🧲 𝗘𝗻𝗱𝗹𝗲𝘀𝘀 𝗽𝗼𝘀𝘀𝗶𝗯𝗶𝗹𝗶𝘁𝗶𝗲𝘀; our heavy-duty magnets are ideal for use on cars, trucks, SUVs, mailboxes, refrigerators, toolboxes, and more. Easily removable and reusable, you can proudly display this flexible magnet bumper sticker in a plethora of spaces.𝙋𝙡𝙚𝙖𝙨𝙚 𝙚𝙣𝙨𝙪𝙧𝙚 𝙮𝙤𝙪𝙧 𝙫𝙚𝙝𝙞𝙘𝙡𝙚𝙨 𝙨𝙪𝙧𝙛𝙖𝙘𝙚 𝙞𝙨 𝙢𝙖𝙙𝙚 𝙛𝙧𝙤𝙢 𝙨𝙩𝙚𝙚𝙡, 𝙖𝙨 𝙢𝙖𝙜𝙣𝙚𝙩𝙨 𝙬𝙞𝙡𝙡 𝙣𝙤𝙩 𝙨𝙩𝙞𝙘𝙠 𝙩𝙤 𝙣𝙤𝙣-𝙢𝙚𝙩𝙖𝙡 𝙨𝙪𝙧𝙛𝙖𝙘𝙚𝙨. | 🧲 𝗖𝗿𝗮𝗳𝘁𝗲𝗱 𝗶𝗻 𝘁𝗵𝗲 𝗨𝗦𝗔; we uphold our commitment to American craftsmanship by producing all our products in the USA | 🧲 𝗤𝘂𝗮𝗹𝗶𝘁𝘆 𝗮𝗻𝗱 𝘀𝗮𝘁𝗶𝘀𝗳𝗮𝗰𝘁𝗶𝗼𝗻 𝗮𝘀𝘀𝘂𝗿𝗮𝗻𝗰𝗲; we manufacture our magnets to meet high standards. If you experience anything less than perfection, we ask for you to reach out to us so we can make it right",Leukemia and Kidney Cancer Survivor Orange Car Magnet 3.5x7 Inch 2 Pack,NO,2026-09-01T08:33:18.602Z
3-RANDOM_SAMPLE_GENERAL,B0H4NKVP7F,"Magnet Me Up Breast Cancer Awareness Pink Mandala Survivor Ribbon Magnet Decal, 3.5x7 Inches, 2 Pack Automotive Magnet for Car Truck SUV, Celebration of Strength, Admiring Survivors, Crafted in USA",197,Active,10.99,R-162,B0H4MK34CG,"𝗛𝗼𝗻𝗼𝗿 𝘁𝗵𝗲 𝘀𝘁𝗿𝗲𝗻𝗴𝘁𝗵, 𝗿𝗲𝘀𝗶𝗹𝗶𝗲𝗻𝗰𝗲, 𝗮𝗻𝗱 𝗰𝗼𝘂𝗿𝗮𝗴𝗲 𝗼𝗳 𝗯𝗿𝗲𝗮𝘀𝘁 𝗰𝗮𝗻𝗰𝗲𝗿 𝘀𝘂𝗿𝘃𝗶𝘃𝗼𝗿𝘀 with this Breast Cancer Awareness Pink Mandala Survivor Ribbon Magnet. Featuring a beautifully detailed pink ribbon design, these automotive magnets are a meaningful way to celebrate survivorship, raise awareness, and show admiration for those who have faced the journey with determination. | 🧲 𝗖𝗿𝗮𝗳𝘁𝗲𝗱 𝗳𝗿𝗼𝗺 𝘀𝘁𝗿𝗼𝗻𝗴 𝗮𝗻𝗱 𝗱𝘂𝗿𝗮𝗯𝗹𝗲 𝗺𝗮𝗴𝗻𝗲𝘁𝗶𝗰 𝘃𝗶𝗻𝘆𝗹; this ensures that the magnet bumper sticker adheres securely to metal surfaces and will maintain its magnetic strength over time. Our magnets are waterproof and heat resistant, ideal for outdoor use. Full-color UV printing gives lasting visibility and prevents fading from sun exposure. | 🧲 𝗘𝗻𝗱𝗹𝗲𝘀𝘀 𝗽𝗼𝘀𝘀𝗶𝗯𝗶𝗹𝗶𝘁𝗶𝗲𝘀; our heavy-duty magnets are ideal for use on cars, trucks, SUVs, mailboxes, refrigerators, toolboxes, and more. Easily removable and reusable, you can proudly display this flexible magnet bumper sticker in a plethora of spaces.𝙋𝙡𝙚𝙖𝙨𝙚 𝙚𝙣𝙨𝙪𝙧𝙚 𝙮𝙤𝙪𝙧 𝙫𝙚𝙝𝙞𝙘𝙡𝙚𝙨 𝙨𝙪𝙧𝙛𝙖𝙘𝙚 𝙞𝙨 𝙢𝙖𝙙𝙚 𝙛𝙧𝙤𝙢 𝙨𝙩𝙚𝙚𝙡, 𝙖𝙨 𝙢𝙖𝙜𝙣𝙚𝙩𝙨 𝙬𝙞𝙡𝙡 𝙣𝙤𝙩 𝙨𝙩𝙞𝙘𝙠 𝙩𝙤 𝙣𝙤𝙣-𝙢𝙚𝙩𝙖𝙡 𝙨𝙪𝙧𝙛𝙖𝙘𝙚𝙨. | 🧲 𝗖𝗿𝗮𝗳𝘁𝗲𝗱 𝗶𝗻 𝘁𝗵𝗲 𝗨𝗦𝗔; we uphold our commitment to American craftsmanship by producing all our products in the USA | 🧲 𝗤𝘂𝗮𝗹𝗶𝘁𝘆 𝗮𝗻𝗱 𝘀𝗮𝘁𝗶𝘀𝗳𝗮𝗰𝘁𝗶𝗼𝗻 𝗮𝘀𝘀𝘂𝗿𝗮𝗻𝗰𝗲; we manufacture our magnets to meet high standards. If you experience anything less than perfection, we ask for you to reach out to us so we can make it right",Breast Cancer Pink Mandala Survivor Ribbon Car Magnet 3.5x7 in 2 Pack,NO,2026-09-01T08:33:18.602Z
3-RANDOM_SAMPLE_GENERAL,B0GYQ7S6DV,"Magnet Me Up Trauma Nurse Car Magnet - 5"" x 5"" Heart Shaped Magnetic Decal for Cars and Lockers, Ideal Accessory Gift for Health Workers, Full Color UV-Printed, Vinyl, Crafted in USA",182,Active,8.99,M-406,B0BCV32MM2,"𝗡𝘂𝗿𝘀𝗲 𝗖𝗮𝗿 𝗠𝗮𝗴𝗻𝗲𝘁: This nurse car magnet features a meaningful heart and stethoscope design filled with words like compassion, care, and dedication - perfect for showcasing pride in the healthcare profession. | 𝗣𝗲𝗿𝗳𝗲𝗰𝘁 𝗡𝘂𝗿𝘀𝗲 𝗔𝗽𝗽𝗿𝗲𝗰𝗶𝗮𝘁𝗶𝗼𝗻 𝗚𝗶𝗳𝘁: A thoughtful nurse appreciation gift for coworkers, friends, or loved ones. This healthcare worker gift is ideal for Nurse Appreciation Week, graduations, holidays, or everyday recognition of the hardworking medical professionals who make a difference. | 𝗩𝗲𝗿𝘀𝗮𝘁𝗶𝗹𝗲 𝗡𝘂𝗿𝘀𝗶𝗻𝗴 𝗠𝗮𝗴𝗻𝗲𝘁 𝗙𝗼𝗿 𝗗𝗮𝗶𝗹𝘆 𝗨𝘀𝗲: Designed for refrigerators, lockers, filing cabinets, office spaces, and other magnetic surfaces, this durable nursing magnet adds personality to hospitals, clinics, breakrooms, and home kitchens. A practical hospital staff gift that fits seamlessly into any environment. | 𝗗𝘂𝗿𝗮𝗯𝗹𝗲 𝗦𝘁𝗲𝘁𝗵𝗼𝘀𝗰𝗼𝗽𝗲 𝗛𝗲𝗮𝗿𝘁 𝗠𝗮𝗴𝗻𝗲𝘁 𝗗𝗲𝘀𝗶𝗴𝗻: Printed with vibrant UV ink on high-quality magnetic material, this stethoscope heart magnet resists fading and maintains crisp colors over time. The strong construction makes it a reliable nurse life magnet for both indoor and outdoor display. | 𝗠𝗮𝗱𝗲 𝗜𝗻 𝗧𝗵𝗲 𝗨𝗦𝗔: Crafted in New Jersey using premium materials, this Made in USA magnet reflects dependable quality and attention to detail. Produced locally for excellent medical professional gift.","Trauma Nurse Locker Magnet 5x5 Inch, Heart, Made in USA",NO,2026-09-01T08:33:18.602Z
3-RANDOM_SAMPLE_GENERAL,B0FXHQ4NJB,"Magnet Me Up I'd Rather Be Watching Paranormal Television, Party Favors Magnetic Decal, 3x8 Inches, Halloween Car Magnet Gifts, Full-Color UV Printed Vinyl, Weatherproof, Made in the USA",186,Active,8.99,38-135,B0CJGKHP94,"🎃 𝗙𝘂𝗻𝗻𝘆 𝗛𝗮𝗹𝗹𝗼𝘄𝗲𝗲𝗻 𝗗𝗲𝗰𝗼𝗿𝗮𝘁𝗶𝗼𝗻 - Show off your spooky spirit with this Halloween Decorations car magnet - a fun, conversation-starting Halloween decoration for your vehicle, fridge, or office. | 🧲 𝗠𝗮𝗱𝗲 𝗳𝗿𝗼𝗺 𝘀𝘁𝗿𝗼𝗻𝗴 𝗮𝗻𝗱 𝗱𝘂𝗿𝗮𝗯𝗹𝗲 𝗺𝗮𝗴𝗻𝗲𝘁𝗶𝗰 𝘃𝗶𝗻𝘆𝗹; this ensures that the magnet adheres securely to metal surfaces and will maintain its magnetic strength over time. Our magnets are waterproof and heat resistant, which makes them ideal for outdoor use. We make our magnets with UV-resistant inks so that they do not fade over time from sun exposure. | 🧲 𝗘𝗻𝗱𝗹𝗲𝘀𝘀 𝗽𝗼𝘀𝘀𝗶𝗯𝗶𝗹𝗶𝘁𝗶𝗲𝘀; our heavy-duty magnets are ideal for use on cars, trucks, SUVs, mailboxes, refrigerators, toolboxes, etc. Easily removable and reusable, you can proudly display this flexible magnet in a plethora of spaces. Please ensure that your surface is composed of steel rather than fiberglass, plastic, or aluminum. Magnets will not stick to non-metal surfaces. | 🧲 𝗠𝗮𝗱𝗲 𝗶𝗻 𝘁𝗵𝗲 𝗨𝗦𝗔:; we uphold our commitment to American craftsmanship by producing all our products in the USA. | 🧲 𝗤𝘂𝗮𝗹𝗶𝘁𝘆 𝗮𝗻𝗱 𝘀𝗮𝘁𝗶𝘀𝗳𝗮𝗰𝘁𝗶𝗼𝗻 𝗮𝘀𝘀𝘂𝗿𝗮𝗻𝗰𝗲; we manufacture our magnets to meet high standards. If you experience anything less than perfection, we ask that you to reach out to us so we can make the right whiteboard accessories.","I'd Rather Be Watching Paranormal Television Car Magnet 3x8 Inch, USA Made",NO,2026-09-01T08:33:18.602Z
3-RANDOM_SAMPLE_GENERAL,B0FHSNN964,"Magnet Me Up Oklahoma State Magnet 6x4 Inches, Collectible US State Shape Fridge Magnet, Durable Full-Color UV Vinyl, Travel Souvenir Magnetic Decal, Made in The USA, Decor Gift",177,Active,8.99,M-312,,"🧲 𝗛𝗼𝗻𝗼𝗿 𝗢𝗸𝗹𝗮𝗵𝗼𝗺𝗮 𝘄𝗶𝘁𝗵 𝗮 𝗰𝗼𝗹𝗹𝗲𝗰𝘁𝗶𝗯𝗹𝗲 𝗳𝗿𝗶𝗱𝗴𝗲 𝗺𝗮𝗴𝗻𝗲𝘁 – part of our exclusive US state magnet series, this Oklahoma magnet is perfect for travelers, locals, and souvenir collectors proud to represent The Sooner State. | 🧲 𝗠𝗮𝗱𝗲 𝗳𝗿𝗼𝗺 𝘀𝘁𝗿𝗼𝗻𝗴 𝗮𝗻𝗱 𝗱𝘂𝗿𝗮𝗯𝗹𝗲 𝗺𝗮𝗴𝗻𝗲𝘁𝗶𝗰 𝘃𝗶𝗻𝘆𝗹; this ensures that the magnet adheres securely to metal surfaces and will maintain its magnetic strength over time. Our magnets are waterproof and heat resistant, which makes them ideal for outdoor use. We make our magnets with UV-resistant inks so that they do not fade over time from sun exposure. | 🧲 𝗘𝗻𝗱𝗹𝗲𝘀𝘀 𝗽𝗼𝘀𝘀𝗶𝗯𝗶𝗹𝗶𝘁𝗶𝗲𝘀; our heavy-duty magnets are ideal for use on cars, trucks, SUVs, mailboxes, refrigerators, toolboxes, etc. Easily removable and reusable, you can proudly display this flexible magnet in a plethora of spaces. Please ensure that your surface is composed of steel rather than fiberglass, plastic, or aluminum. Magnets will not stick to non-metal surfaces. | 🧲 𝗠𝗮𝗱𝗲 𝗶𝗻 𝘁𝗵𝗲 𝗨𝗦𝗔:; we uphold our commitment to American craftsmanship by producing all our products in the USA. | 🧲 𝗤𝘂𝗮𝗹𝗶𝘁𝘆 𝗮𝗻𝗱 𝘀𝗮𝘁𝗶𝘀𝗳𝗮𝗰𝘁𝗶𝗼𝗻 𝗮𝘀𝘀𝘂𝗿𝗮𝗻𝗰𝗲; we manufacture our magnets to meet high standards. If you experience anything less than perfection, we ask that you to reach out to us so we can make the right whiteboard accessories.","Oklahoma State Fridge Magnet 6x4 Inch, Made in USA",NO,2026-09-01T08:33:18.602Z
3-RANDOM_SAMPLE_GENERAL,B0DW19FQLX,"Magnet Me Up I Love My Chicken Car Magnet Decal, Farm Animal, 4x6 Inches, Funny Magnet, Chicken Car Decal, Car Accessories, Souvenir Gifts, Humorous Bumper Magnet, Farmer Gift Idea, Crafted in USA",196,Active,8.99,O-341,B0DXVZQ6Z5,"🧲 𝗙𝘂𝗻 & 𝘂𝗻𝗶𝗾𝘂𝗲 𝗱𝗲𝘀𝗶𝗴𝗻; show off your love for chickens with this charming and humorous car magnet. A fun gift for animal lovers, farmers, or anyone with a sense of humor. Adds personality and a touch of fun to your vehicle without overwhelming the look. | 🧲 𝗠𝗮𝗱𝗲 𝗳𝗿𝗼𝗺 𝘀𝘁𝗿𝗼𝗻𝗴 𝗮𝗻𝗱 𝗱𝘂𝗿𝗮𝗯𝗹𝗲 𝗺𝗮𝗴𝗻𝗲𝘁𝗶𝗰 𝘃𝗶𝗻𝘆𝗹; this ensures that the magnet adheres securely to metal surfaces and will maintain its magnetic strength over time. Our magnets are waterproof and heat resistant, which makes them ideal for outdoor use. We make our magnets with UV-resistant inks so that they do not fade over time from sun exposure. | 🧲 𝗘𝗻𝗱𝗹𝗲𝘀𝘀 𝗽𝗼𝘀𝘀𝗶𝗯𝗶𝗹𝗶𝘁𝗶𝗲𝘀; our heavy-duty magnets are ideal for use on cars, trucks, SUVs, mailboxes, refrigerators, toolboxes, etc. Easily removable and reusable, you can proudly display this flexible magnet in a plethora of spaces. Please ensure that your surface is composed of steel rather than fiberglass, plastic, or aluminum. Magnets will not stick to non-metal surfaces. | 🧲 𝗖𝗿𝗮𝗳𝘁𝗲𝗱 𝗶𝗻 𝘁𝗵𝗲 𝗨𝗦𝗔; we uphold our commitment to American craftsmanship by producing all our products in the USA. | 🧲 𝗤𝘂𝗮𝗹𝗶𝘁𝘆 𝗮𝗻𝗱 𝘀𝗮𝘁𝗶𝘀𝗳𝗮𝗰𝘁𝗶𝗼𝗻 𝗮𝘀𝘀𝘂𝗿𝗮𝗻𝗰𝗲; we manufacture our magnets to meet high standards. If you experience anything less than perfection, we ask that you to reach out to us so we can make the right whiteboard accessories.","I Love My Chicken Car Magnet 4x6 Inch Oval, Funny Gift, Made in USA",NO,2026-09-01T08:33:18.602Z
3-RANDOM_SAMPLE_GENERAL,B07236TYZF,"Magnet Me Up 10K Marathon Inverted Black Oval Magnet Decal, 4x6 Inches, Heavy Duty Automotive Magnet for Car Truck SUV",118,Active,8.99,O-88,B0FN89XP5R,"Dress up your space; we have a design for every personality. Whether you want to show pride for your country, make the driver behind you smile, or give an awesome gift, we have something for everyone | 🧲 𝗠𝗮𝗱𝗲 𝗳𝗿𝗼𝗺 𝘀𝘁𝗿𝗼𝗻𝗴 𝗮𝗻𝗱 𝗱𝘂𝗿𝗮𝗯𝗹𝗲 𝗺𝗮𝗴𝗻𝗲𝘁𝗶𝗰 𝘃𝗶𝗻𝘆𝗹; this ensures that the magnet adheres securely to metal surfaces and will maintain its magnetic strength over time. Our magnets are waterproof and heat resistant, which makes them ideal for outdoor use. We make our magnets with UV-resistant inks so that they do not fade over time from sun exposure. | 🧲 𝗘𝗻𝗱𝗹𝗲𝘀𝘀 𝗽𝗼𝘀𝘀𝗶𝗯𝗶𝗹𝗶𝘁𝗶𝗲𝘀; our heavy-duty magnets are ideal for use on cars, trucks, SUVs, mailboxes, refrigerators, toolboxes, etc. Easily removable and reusable, you can proudly display this flexible magnet in a plethora of spaces. Please ensure that your surface is composed of steel rather than fiberglass, plastic, or aluminum. Magnets will not stick to non-metal surfaces. | 🧲 𝗖𝗿𝗮𝗳𝘁𝗲𝗱 𝗶𝗻 𝘁𝗵𝗲 𝗨𝗦𝗔; we uphold our commitment to American craftsmanship by producing all our products in the USA. | 🧲 𝗤𝘂𝗮𝗹𝗶𝘁𝘆 𝗮𝗻𝗱 𝘀𝗮𝘁𝗶𝘀𝗳𝗮𝗰𝘁𝗶𝗼𝗻 𝗮𝘀𝘀𝘂𝗿𝗮𝗻𝗰𝗲; we manufacture our magnets to meet high standards. If you experience anything less than perfection, we ask that you to reach out to us so we can make the right whiteboard accessories.","10K Marathon Inverted Black Oval Car Magnet 4x6 Inch, Made in USA",NO,2026-09-01T08:33:18.602Z
3-RANDOM_SAMPLE_GENERAL,B0FHXSKLSM,"Magnet Me Up Forbidden City Magnet Decal 5"" Round, Imperial Beijing Landmark Souvenir, Automotive Magnet for Car, Truck, Or Any Magnetic Surface, Made in The USA",161,Active,8.99,5R-138,B0FJ9LMS7Q,"🧲 𝗥𝗼𝘆𝗮𝗹 𝗖𝗵𝗶𝗻𝗲𝘀𝗲 𝗛𝗶𝘀𝘁𝗼𝗿𝘆 𝗜𝗻 𝗙𝘂𝗹𝗹 𝗖𝗼𝗹𝗼𝗿 – this richly printed magnet showcases the architectural grandeur of the Forbidden City, a lasting symbol of China’s dynastic past. | 🧲 𝗠𝗮𝗱𝗲 𝗳𝗿𝗼𝗺 𝘀𝘁𝗿𝗼𝗻𝗴 𝗮𝗻𝗱 𝗱𝘂𝗿𝗮𝗯𝗹𝗲 𝗺𝗮𝗴𝗻𝗲𝘁𝗶𝗰 𝘃𝗶𝗻𝘆𝗹; this ensures that the magnet adheres securely to metal surfaces and will maintain its magnetic strength over time. Our magnets are waterproof and heat resistant, which makes them ideal for outdoor use. We make our magnets with UV-resistant inks so that they do not fade over time from sun exposure. | 🧲 𝗘𝗻𝗱𝗹𝗲𝘀𝘀 𝗽𝗼𝘀𝘀𝗶𝗯𝗶𝗹𝗶𝘁𝗶𝗲𝘀; our heavy-duty magnets are ideal for use on cars, trucks, SUVs, mailboxes, refrigerators, toolboxes, etc. Easily removable and reusable, you can proudly display this flexible magnet in a plethora of spaces. Please ensure that your surface is composed of steel rather than fiberglass, plastic, or aluminum. Magnets will not stick to non-metal surfaces. | 🧲 𝗖𝗿𝗮𝗳𝘁𝗲𝗱 𝗶𝗻 𝘁𝗵𝗲 𝗨𝗦𝗔; we uphold our commitment to American craftsmanship by producing all our products in the USA. | 🧲 𝗤𝘂𝗮𝗹𝗶𝘁𝘆 𝗮𝗻𝗱 𝘀𝗮𝘁𝗶𝘀𝗳𝗮𝗰𝘁𝗶𝗼𝗻 𝗮𝘀𝘀𝘂𝗿𝗮𝗻𝗰𝗲; we manufacture our magnets to meet high standards. If you experience anything less than perfection, we ask for you to reach out to us so we can make the right whiteboard accessories.","Forbidden City Car Magnet 5 Inch Round, Made in USA",NO,2026-09-01T08:33:18.602Z
3-RANDOM_SAMPLE_GENERAL,B0FHRNDZSY,"Magnet Me Up Back Hair Waxing Club Magnet 5"" Funny Car Magnet for Adults Monthly Unlimited Membership Gag Hilarious Magnetic Car Decal UV Printed, Durable Vinyl Made in USA",172,Active,8.99,M-304,B0FGG3KQQG,"🦍 𝗠𝗼𝗻𝘁𝗵𝗹𝘆 𝗨𝗻𝗹𝗶𝗺𝗶𝘁𝗲𝗱 𝗕𝗮𝗰𝗸 𝗛𝗮𝗶𝗿 𝗥𝗲𝗺𝗼𝘃𝗮𝗹 – Membership Has Its Perks Show your commitment to smooth living with this hilarious Back Hair Waxing Club magnet! Perfect for cars, fridges, or lockers—this gag decal is a cheeky gift for hairy friends, spa lovers, or anyone who proudly goes bare-back, one wax at a time. | 🧲 𝗠𝗮𝗱𝗲 𝗳𝗿𝗼𝗺 𝘀𝘁𝗿𝗼𝗻𝗴 𝗮𝗻𝗱 𝗱𝘂𝗿𝗮𝗯𝗹𝗲 𝗺𝗮𝗴𝗻𝗲𝘁𝗶𝗰 𝘃𝗶𝗻𝘆𝗹; this ensures that the magnet adheres securely to metal surfaces and will maintain its magnetic strength over time. Our magnets are waterproof and heat resistant, which makes them ideal for outdoor use. We make our magnets with UV-resistant inks so that they do not fade over time from sun exposure. | 🧲 𝗘𝗻𝗱𝗹𝗲𝘀𝘀 𝗽𝗼𝘀𝘀𝗶𝗯𝗶𝗹𝗶𝘁𝗶𝗲𝘀; our heavy-duty magnets are ideal for use on cars, trucks, SUVs, mailboxes, refrigerators, toolboxes, etc. Easily removable and reusable, you can proudly display this flexible magnet in a plethora of spaces. Please ensure that your surface is composed of steel rather than fiberglass, plastic, or aluminum. Magnets will not stick to non-metal surfaces. | 🧲 𝗠𝗮𝗱𝗲 𝗶𝗻 𝘁𝗵𝗲 𝗨𝗦𝗔:; we uphold our commitment to American craftsmanship by producing all our products in the USA. | 🧲 𝗤𝘂𝗮𝗹𝗶𝘁𝘆 𝗮𝗻𝗱 𝘀𝗮𝘁𝗶𝘀𝗳𝗮𝗰𝘁𝗶𝗼𝗻 𝗮𝘀𝘀𝘂𝗿𝗮𝗻𝗰𝗲; we manufacture our magnets to meet high standards. If you experience anything less than perfection, we ask that you to reach out to us so we can make the right whiteboard accessories.","Back Hair Waxing Club Car Magnet 5 Inch Round, Funny Gift, Made in USA",NO,2026-09-01T08:33:16.774Z
3-RANDOM_SAMPLE_GENERAL,B0G976CHBP,"Magnet Me Up Just Pass Me This is As Fast As It Gets Funny Hamster Car Magnet - 3x8 Inch Magnetic Decal for Cars, Trucks & SUV, Full-Color Printed, Vinyl Weatherproof, Gift Accessories, Made in USA",197,Active,8.99,38-143,B0H5SDYZDL,"🐹 𝗙𝘂𝗻𝗻𝘆 𝗖𝗮𝗿 𝗠𝗮𝗴𝗻𝗲𝘁 𝗗𝗲𝘀𝗶𝗴𝗻: Featuring a cute hamster and the phrase ""Just Pass Me This Is As Fast As It Gets"", this magnetic decal adds humor and personality to your car, truck, or SUV without damaging paint. | 🧲 𝗠𝗮𝗱𝗲 𝗳𝗿𝗼𝗺 𝘀𝘁𝗿𝗼𝗻𝗴 𝗮𝗻𝗱 𝗱𝘂𝗿𝗮𝗯𝗹𝗲 𝗺𝗮𝗴𝗻𝗲𝘁𝗶𝗰 𝘃𝗶𝗻𝘆𝗹; this ensures that the magnet adheres securely to metal surfaces and will maintain its magnetic strength over time. Our magnets are waterproof and heat resistant, which makes them ideal for outdoor use. We make our magnets with UV-resistant inks so that they do not fade over time from sun exposure. | 🧲 𝗘𝗻𝗱𝗹𝗲𝘀𝘀 𝗽𝗼𝘀𝘀𝗶𝗯𝗶𝗹𝗶𝘁𝗶𝗲𝘀; our heavy-duty magnets are ideal for use on cars, trucks, SUVs, mailboxes, refrigerators, toolboxes, etc. Easily removable and reusable, you can proudly display this flexible magnet in a plethora of spaces. Please ensure that your surface is composed of steel rather than fiberglass, plastic, or aluminum. Magnets will not stick to non-metal surfaces. | 🧲 𝗖𝗿𝗮𝗳𝘁𝗲𝗱 𝗶𝗻 𝘁𝗵𝗲 𝗨𝗦𝗔; we uphold our commitment to American craftsmanship by producing all our products in the USA. | 🧲 𝗤𝘂𝗮𝗹𝗶𝘁𝘆 𝗮𝗻𝗱 𝘀𝗮𝘁𝗶𝘀𝗳𝗮𝗰𝘁𝗶𝗼𝗻 𝗮𝘀𝘀𝘂𝗿𝗮𝗻𝗰𝗲; we manufacture our magnets to meet high standards. If you experience anything less than perfection, we ask for you to reach out to us so we can make the right whiteboard accessories.","Just Pass Me This is As Fast As It Gets Car Magnet 3x8 Inch, Funny Gift",NO,2026-09-01T08:33:18.602Z
3-RANDOM_SAMPLE_GENERAL,B0F8RCHHM7,"Magnet Me Up Alabama State Magnet - Full-Color Vinyl State Magnetic Decal, Die-Cut Shape, 6x4 Inches, Collectible Souvenir - Durable UV Ink, Weatherproof Fridge Magnet Made in USA",179,Inactive,7.99,M-264AM,,"🧲 𝗠𝗮𝗱𝗲 𝗳𝗿𝗼𝗺 𝘀𝘁𝗿𝗼𝗻𝗴 𝗮𝗻𝗱 𝗱𝘂𝗿𝗮𝗯𝗹𝗲 𝗺𝗮𝗴𝗻𝗲𝘁𝗶𝗰 𝘃𝗶𝗻𝘆𝗹; this ensures that the magnet adheres securely to metal surfaces and will maintain its magnetic strength over time. Our magnets are waterproof and heat resistant, which makes them ideal for outdoor use. We make our magnets with UV-resistant inks so that they do not fade over time from sun exposure. | 🧲 𝗘𝗻𝗱𝗹𝗲𝘀𝘀 𝗽𝗼𝘀𝘀𝗶𝗯𝗶𝗹𝗶𝘁𝗶𝗲𝘀; our heavy-duty magnets are ideal for use on cars, trucks, SUVs, mailboxes, refrigerators, toolboxes, etc. Easily removable and reusable, you can proudly display this flexible magnet in a plethora of spaces. Please ensure that your surface is composed of steel rather than fiberglass, plastic, or aluminum. Magnets will not stick to non-metal surfaces. | 🧲 𝗠𝗮𝗱𝗲 𝗶𝗻 𝘁𝗵𝗲 𝗨𝗦𝗔:; we uphold our commitment to American craftsmanship by producing all our products in the USA. | 🧲 𝗤𝘂𝗮𝗹𝗶𝘁𝘆 𝗮𝗻𝗱 𝘀𝗮𝘁𝗶𝘀𝗳𝗮𝗰𝘁𝗶𝗼𝗻 𝗮𝘀𝘀𝘂𝗿𝗮𝗻𝗰𝗲; we manufacture our magnets to meet high standards. If you experience anything less than perfection, we ask that you to reach out to us so we can make the right whiteboard accessories.","Alabama State Fridge Magnet 6x4 Inch, Made in USA",NO,2026-09-01T08:33:16.774Z
3-RANDOM_SAMPLE_GENERAL,B0H2JVKF1W,"Magnet Me Up Custom Football Helmet Magnet, 9""x10"", Personalized Football Player Name, Number, and Logo, Custom Team Helmet Sports Souvenir Gift, Football Coach Gift, Team Spirit Décor, Made in USA",197,Active,21.99,CFOOTBALL-910,,"🏈 𝗖𝘂𝘀𝘁𝗼𝗺 𝗳𝗼𝗼𝘁𝗯𝗮𝗹𝗹 𝗵𝗲𝗹𝗺𝗲𝘁 𝗺𝗮𝗴𝗻𝗲𝘁 - Personalize with your player name, jersey number, school, or team logo to create a one-of-a-kind football keepsake magnet. | 🎁 𝗣𝗲𝗿𝗳𝗲𝗰𝘁 𝗳𝗼𝗼𝘁𝗯𝗮𝗹𝗹 𝗴𝗶𝗳𝘁 – Great for football players, coaches, parents, seniors, boosters, and team fans. Ideal for birthdays, banquets, senior night, and end-of-season gifts. | 🇺🇸 𝗠𝗮𝗱𝗲 𝗶𝗻 𝘁𝗵𝗲 𝗨𝗦𝗔 - Proudly made in the USA using premium materials and professional UV printing for weather-resistant durability. We make you get your custom baseball gifts quickly for tournaments, banquets, team parties, and special events. | 📏 𝗚𝗿𝗲𝗮𝘁 𝗳𝗼𝗿 𝗱𝗶𝘀𝗽𝗹𝗮𝘆 & 𝗰𝗼𝗹𝗹𝗲𝗰𝘁𝗶𝗻𝗴 – Lightweight and easy to display at home, school, or the office. Perfect for player memorabilia collections and team recognition gifts. | 𝗣𝗿𝗼𝗽𝗲𝗿 𝗨𝘀𝗲 & 𝗖𝗮𝗿𝗲 – Designed for clean, flat, dry metal surfaces; for best results, remove weekly to clean both the magnet and surface. Friendly reminder: please confirm your cruise door or surface is magnetic prior to ordering.","Custom Football Helmet Magnet 9x10 Inch, Made in USA",NO,2026-09-01T08:33:18.602Z
3-RANDOM_SAMPLE_GENERAL,B0FK7FNJ2G,"Magnet Me Up New York State Magnet - 3.7x5 Inch, Collectible US State-Shaped Fridge Magnet, Full-Color UV Printed Vinyl Travel Souvenir Gift, Durable Magnetic Decal, Keepsake, Made in The USA",191,Active,8.99,M-337,B0FL86PZ4C,"🧲 𝗡𝗲𝘄 𝗬𝗼𝗿𝗸 𝗦𝘁𝗮𝘁𝗲 𝗠𝗮𝗴𝗻𝗲𝘁 – 𝗧𝗿𝗮𝘃𝗲𝗹 𝗦𝗼𝘂𝘃𝗲𝗻𝗶𝗿 𝗚𝗶𝗳𝘁. Show your love for the Empire State with this New York-shaped magnet, perfect for collectors, travelers, or anyone wanting a unique souvenir gift from the Northeast. | 🧲 𝗠𝗮𝗱𝗲 𝗳𝗿𝗼𝗺 𝘀𝘁𝗿𝗼𝗻𝗴 𝗮𝗻𝗱 𝗱𝘂𝗿𝗮𝗯𝗹𝗲 𝗺𝗮𝗴𝗻𝗲𝘁𝗶𝗰 𝘃𝗶𝗻𝘆𝗹; this ensures that the magnet adheres securely to metal surfaces and will maintain its magnetic strength over time. Our magnets are waterproof and heat resistant, which makes them ideal for outdoor use. We make our magnets with UV-resistant inks so that they do not fade over time from sun exposure. | 🧲 𝗘𝗻𝗱𝗹𝗲𝘀𝘀 𝗽𝗼𝘀𝘀𝗶𝗯𝗶𝗹𝗶𝘁𝗶𝗲𝘀; our heavy-duty magnets are ideal for use on cars, trucks, SUVs, mailboxes, refrigerators, toolboxes, etc. Easily removable and reusable, you can proudly display this flexible magnet in a plethora of spaces. Please ensure that your surface is composed of steel rather than fiberglass, plastic, or aluminum. Magnets will not stick to non-metal surfaces. | 🧲 𝗠𝗮𝗱𝗲 𝗶𝗻 𝘁𝗵𝗲 𝗨𝗦𝗔:; we uphold our commitment to American craftsmanship by producing all our products in the USA. | 🧲 𝗤𝘂𝗮𝗹𝗶𝘁𝘆 𝗮𝗻𝗱 𝘀𝗮𝘁𝗶𝘀𝗳𝗮𝗰𝘁𝗶𝗼𝗻 𝗮𝘀𝘀𝘂𝗿𝗮𝗻𝗰𝗲; we manufacture our magnets to meet high standards. If you experience anything less than perfection, we ask that you to reach out to us so we can make the right whiteboard accessories.","New York State Fridge Magnet 3.7x5 Inch, Made in USA",NO,2026-09-01T08:33:18.602Z
3-RANDOM_SAMPLE_GENERAL,B0CLFMMRXM,"13.1 Half Marathon Inverted Oval Sticker Decal, 5.5x3.5 Inch 2 Pack",67,Active,7.99,MDO-02,B0CMFZX5DX,"Enhanced aesthetics; decals add a stylish and unique touch to your vehicle's appearance. Stickers are a fun and versatile way to express personal interests, hobbies, support for a team or candidate, or even just to add a touch of style to various belongings.They can be applied to car windows, body panels, bumpers, motorcycle helmets, and so much more. | Anti-theft; how many times have you come back to your car to notice that your car magnets have been removed or have fallen off during a car wash or heavy storm? With decals, you can rest assured that no one is taking them off of your vehicles if they don't like them, or if they like them so much that they take them for themselves! These decals have strong adhesive backing to ensure that they aren't going anywhere. | Event signage and identification; decal stickers are often used during events to provide identification, such as participant badges, access passes, or event-specific stickers. They can also be used for directional signage, labeling, or branding purposes during conferences, exhibitions, or trade shows. You can even use them to showcase beliefs such as political affiliations. | Durable and weather-resistant; high-quality window decals are designed to withstand various weather conditions, including sunlight, rain, and heat, ensuring long-lasting. Colors and designs stay vibrant even under exposure to sunlight or outdoor. | Application; when applying decals, it is important to follow instructions for proper installation. The surface should be clean and dry before applying the decal to ensure good adhesion.","13.1 Half Marathon Inverted Black Oval Decal Stickers, 5.5x3.5 Inch 2 Pack",NO,2026-09-01T08:33:18.602Z
3-RANDOM_SAMPLE_GENERAL,B07JCFR7V1,"Magnet Me Up Soccer Mom Sports Oval Car Magnet, Pink Magnetic Decal, 4x6 Inches, 2 Pack, Heavy Duty UV-Printed Vinyl- Weatherproof, Made in USA, for SUV Truck, Lockers",167,Active,10.99,O-163,,"🧲 𝗜𝗱𝗲𝗮𝗹 𝗠𝗼𝘁𝗵𝗲𝗿'𝘀 𝗗𝗮𝘆 𝗚𝗶𝗳𝘁 𝗳𝗼𝗿 𝗦𝗽𝗼𝗿𝘁𝘀 𝗠𝗼𝗺𝘀: Celebrate the dedicated soccer mom in your life with this thoughtful and practical gift, perfect for Mother's Day or any special occasion.​ | 🧲 Crafted from strong and durable magnetic vinyl; this ensures that the magnet adheres securely to metal surfaces and will maintain its magnetic strength over time. Our magnets are waterproof and heat resistant, which makes them ideal for outdoor use. We make our magnets with UV-resistant inks so that they do not fade over time from sun exposure. | 🧲 Endless possibilities; our heavy-duty magnets are ideal for use on cars, trucks, SUVs, mailboxes, refrigerators, toolboxes, etc. Easily removable and reusable, you can proudly display this flexible magnet in a plethora of spaces. Please ensure that your surface is composed of steel rather than fiberglass, plastic, or aluminum. Magnets will not stick to non-metal surfaces. | 🧲 Crafted in the USA; we uphold our commitment to American craftsmanship by producing all our products in the USA. | 🧲 Quality and satisfaction assurance; we manufacture our magnets to meet high standards. If you experience anything less than perfection, we ask for you to reach out to us so we can make it right.","Soccer Mom Sports Oval Car Magnet 4x6 Inch 2 Pack, Pink, Made in USA",NO,2026-09-01T08:33:18.602Z
3-RANDOM_SAMPLE_GENERAL,B01N34X8D8,"Magnet Me Up I Love Nevada, It's Where I Call Home US State Magnet Decal, 3x8 Inches Heavy Duty Automotive Magnet for Car Truck SUV",131,Active,8.99,38-28,B0FL785KVG,"Dress up your space; we have a design for every personality. Whether you want to show pride for your country, make the driver behind you smile, or give an awesome gift, we have something for everyone | Crafted from strong and durable magnetic vinyl; this ensures that the magnet adheres securely to metal surfaces and will maintain its magnetic strength over time. Our magnets are waterproof and heat resistant, which makes them ideal for outdoor use. We make our magnets with UV-resistant inks so that they do not fade over time from sun exposure | Endless possibilities; our heavy-duty magnets are ideal for use on cars, trucks, SUVs, mailboxes, refrigerators, toolboxes, etc. Easily removable and reusable, you can proudly display this flexible magnet in a plethora of spaces. Please ensure that your surface is composed of steel rather than fiberglass, plastic, or aluminum. Magnets will not stick to non-metal surfaces | Endless possibilities; our heavy-duty magnets are ideal for use on cars, trucks, SUVs, mailboxes, refrigerators, toolboxes, etc. Easily removable and reusable, you can proudly display this flexible magnet in a plethora of spaces. Please ensure that your surface is composed of steel rather than fiberglass, plastic, or aluminum. Magnets will not stick to non-metal surfaces | Crafted in the USA; we uphold our commitment to American craftsmanship by producing all our products in the USA",I Love Nevada Car Magnet 3x8 Inch,NO,2026-09-01T08:33:18.602Z
3-RANDOM_SAMPLE_GENERAL,B0C7J68W1K,"Magnet Me Up SUCC It Up Cute Funny Plant Succulent Magnet Decal, 5 inches, Heavy Duty Automotive Magnet for Car Truck SUV Or Any Other Magnetic Surface",151,Active,8.99,M-119,B0CJ5Z4NTD,"Bring a touch of botanical charm to your home; with our punny plant magnets, you can make your home blossom with laughter and smiles. These are perfect for gifting to your green-thumbed friends or adding a quirky twist to your kitchen decor. Whether you're a succulent lover or a cactus enthusiast, these cute magnets will succ-cel in adding smiles and a dash of whimsy to any magnetic space. | Crafted from strong and durable magnetic vinyl; this ensures that the magnet adheres securely to metal surfaces and will maintain its magnetic strength over time. Our magnets are waterproof and heat resistant, which makes them ideal for outdoor use. We make our magnets with UV-resistant inks so that they do not fade over time from sun exposure | Endless possibilities; our heavy-duty magnets are ideal for use on cars, trucks, SUVs, mailboxes, refrigerators, toolboxes, etc. Easily removable and reusable, you can proudly display this flexible magnet in a plethora of spaces. Please ensure that your surface is composed of steel rather than fiberglass, plastic, or aluminum. Magnets will not stick to non-metal surfaces | Crafted in the USA; we uphold our commitment to American craftsmanship by producing all our products in the USA | Quality and satisfaction assurance; we manufacture our magnets to meet high standards. If you experience anything less than perfection, we ask for you to reach out to us so we can make it right","SUCC It Up Cute Funny Plant Succulent Car Magnet 5 Inch, Funny Gift",NO,2026-09-01T08:33:16.774Z
3-RANDOM_SAMPLE_GENERAL,B0FH7NLLHF,"Magnet Me Up Sunny Cheeks Nude Beach Volleyball League Magnet - 5"" Round Funny Car Magnet Adult Humor Magnetic Car Decal - UV Printed, Durable Vinyl - Made in USA, Gag Gift for Adults",183,Active,8.99,M-300,,"🏖️ 𝗙𝘂𝗻𝗻𝘆 𝗕𝗲𝗮𝗰𝗵 𝗚𝗮𝗴 𝗠𝗮𝗴𝗻𝗲𝘁 𝗳𝗼𝗿 𝗔𝗱𝘂𝗹𝘁𝘀 - Features “Sunny Cheeks Nude Beach Volleyball League” with bold, playful artwork—perfect for beach lovers, volleyball fans, and lovers of all things cheeky. | 🧲 𝗠𝗮𝗱𝗲 𝗳𝗿𝗼𝗺 𝘀𝘁𝗿𝗼𝗻𝗴 𝗮𝗻𝗱 𝗱𝘂𝗿𝗮𝗯𝗹𝗲 𝗺𝗮𝗴𝗻𝗲𝘁𝗶𝗰 𝘃𝗶𝗻𝘆𝗹; this ensures that the magnet adheres securely to metal surfaces and will maintain its magnetic strength over time. Our magnets are waterproof and heat resistant, which makes them ideal for outdoor use. We make our magnets with UV-resistant inks so that they do not fade over time from sun exposure. | 🧲 𝗘𝗻𝗱𝗹𝗲𝘀𝘀 𝗽𝗼𝘀𝘀𝗶𝗯𝗶𝗹𝗶𝘁𝗶𝗲𝘀; our heavy-duty magnets are ideal for use on cars, trucks, SUVs, mailboxes, refrigerators, toolboxes, etc. Easily removable and reusable, you can proudly display this flexible magnet in a plethora of spaces. Please ensure that your surface is composed of steel rather than fiberglass, plastic, or aluminum. Magnets will not stick to non-metal surfaces. | 🧲 𝗠𝗮𝗱𝗲 𝗶𝗻 𝘁𝗵𝗲 𝗨𝗦𝗔:; we uphold our commitment to American craftsmanship by producing all our products in the USA.",Sunny Cheeks Nude Beach Volleyball League Car Magnet 5 Inch Round,NO,2026-09-01T08:33:16.774Z
3-RANDOM_SAMPLE_GENERAL,B0H4WJ7L4P,"Magnet Me Up Bone Cancer Fighter Magnet - Yellow Ribbon Magnetic Decal for Cars - 3.5x7 Inches, 2 Pack Durable UV-Printed Vinyl, Weatherproof, Support - Full Color, Lockers, Crafted in The USA",192,Active,10.99,R-175,B0H5D2T115,"𝗖𝗲𝗹𝗲𝗯𝗿𝗮𝘁𝗲 𝘀𝘁𝗿𝗲𝗻𝗴𝘁𝗵, 𝗰𝗼𝘂𝗿𝗮𝗴𝗲, 𝗮𝗻𝗱 𝗿𝗲𝘀𝗶𝗹𝗶𝗲𝗻𝗰𝗲 𝘄𝗶𝘁𝗵 𝘁𝗵𝗶𝘀 𝗕𝗼𝗻𝗲 𝗖𝗮𝗻𝗰𝗲𝗿 𝗙𝗶𝗴𝗵𝘁𝗲𝗿 𝗺𝗮𝗴𝗻𝗲𝘁 featuring the yellow awareness ribbon. Designed for fighters this inspirational magnetic decal is a meaningful way to show encouragement and raise awareness for bone cancer. Perfect for everyday display, it helps spread hope and support. | 🧲 𝗖𝗿𝗮𝗳𝘁𝗲𝗱 𝗳𝗿𝗼𝗺 𝘀𝘁𝗿𝗼𝗻𝗴 𝗮𝗻𝗱 𝗱𝘂𝗿𝗮𝗯𝗹𝗲 𝗺𝗮𝗴𝗻𝗲𝘁𝗶𝗰 𝘃𝗶𝗻𝘆𝗹; this ensures that the magnet bumper sticker adheres securely to metal surfaces and will maintain its magnetic strength over time. Our magnets are waterproof and heat resistant, ideal for outdoor use. Full-color UV printing gives lasting visibility and prevents fading from sun exposure. | 🧲 𝗘𝗻𝗱𝗹𝗲𝘀𝘀 𝗽𝗼𝘀𝘀𝗶𝗯𝗶𝗹𝗶𝘁𝗶𝗲𝘀; our heavy-duty magnets are ideal for use on cars, trucks, SUVs, mailboxes, refrigerators, toolboxes, and more. Easily removable and reusable, you can proudly display this flexible magnet bumper sticker in a plethora of spaces.𝙋𝙡𝙚𝙖𝙨𝙚 𝙚𝙣𝙨𝙪𝙧𝙚 𝙮𝙤𝙪𝙧 𝙫𝙚𝙝𝙞𝙘𝙡𝙚𝙨 𝙨𝙪𝙧𝙛𝙖𝙘𝙚 𝙞𝙨 𝙢𝙖𝙙𝙚 𝙛𝙧𝙤𝙢 𝙨𝙩𝙚𝙚𝙡, 𝙖𝙨 𝙢𝙖𝙜𝙣𝙚𝙩𝙨 𝙬𝙞𝙡𝙡 𝙣𝙤𝙩 𝙨𝙩𝙞𝙘𝙠 𝙩𝙤 𝙣𝙤𝙣-𝙢𝙚𝙩𝙖𝙡 𝙨𝙪𝙧𝙛𝙖𝙘𝙚𝙨. | 🧲 𝗖𝗿𝗮𝗳𝘁𝗲𝗱 𝗶𝗻 𝘁𝗵𝗲 𝗨𝗦𝗔; we uphold our commitment to American craftsmanship by producing all our products in the USA | 🧲 𝗤𝘂𝗮𝗹𝗶𝘁𝘆 𝗮𝗻𝗱 𝘀𝗮𝘁𝗶𝘀𝗳𝗮𝗰𝘁𝗶𝗼𝗻 𝗮𝘀𝘀𝘂𝗿𝗮𝗻𝗰𝗲; we manufacture our magnets to meet high standards. If you experience anything less than perfection, we ask for you to reach out to us so we can make it right","Bone Cancer Fighter Car Magnet 3.5x7 Inch 2 Pack, Yellow Ribbon",NO,2026-09-01T08:33:18.602Z
3-RANDOM_SAMPLE_GENERAL,B01N11XF8C,"Magnet Me Up I Love New York, It's Where I Call Home US State Magnet Decal, 3x8 Inches Heavy Duty Automotive Magnet for Car Truck SUV",133,Active,8.99,38-32,B0FL86PZ4C,"Dress up your space; we have a design for every personality. Whether you want to show pride for your country, make the driver behind you smile, or give an awesome gift, we have something for everyone | Crafted from strong and durable magnetic vinyl; this ensures that the magnet adheres securely to metal surfaces and will maintain its magnetic strength over time. Our magnets are waterproof and heat resistant, which makes them ideal for outdoor use. We make our magnets with UV-resistant inks so that they do not fade over time from sun exposure | Endless possibilities; our heavy-duty magnets are ideal for use on cars, trucks, SUVs, mailboxes, refrigerators, toolboxes, etc. Easily removable and reusable, you can proudly display this flexible magnet in a plethora of spaces. Please ensure that your surface is composed of steel rather than fiberglass, plastic, or aluminum. Magnets will not stick to non-metal surfaces | Endless possibilities; our heavy-duty magnets are ideal for use on cars, trucks, SUVs, mailboxes, refrigerators, toolboxes, etc. Easily removable and reusable, you can proudly display this flexible magnet in a plethora of spaces. Please ensure that your surface is composed of steel rather than fiberglass, plastic, or aluminum. Magnets will not stick to non-metal surfaces | Crafted in the USA; we uphold our commitment to American craftsmanship by producing all our products in the USA",I Love New York Car Magnet 3x8 Inch,NO,2026-09-01T08:33:18.602Z
3-RANDOM_SAMPLE_GENERAL,B0DCGW5K99,"Corrected Title: Magnet Me Up Kamala Harris Waltz 2024 Car Magnet 4x6 Inch Oval, Magnetic Decal for Election Support, Harris 2024 Campaign, Kamala Harris for President, Weatherproof, Made in USA",194,Active,8.99,E-118,B0DFHTJB2L,"𝗚𝗿𝗲𝗮𝘁 𝗰𝗮𝗺𝗽𝗮𝗶𝗴𝗻 𝘁𝗼𝗼𝗹; an excellent tool for promoting the Harris Walz campaign, making it a must-have for any supporter. A great way to display your support for the 2024 election, ideal for campaign volunteers and supporters. | 𝗖𝗿𝗮𝗳𝘁𝗲𝗱 𝗳𝗿𝗼𝗺 𝘀𝘁𝗿𝗼𝗻𝗴 𝗮𝗻𝗱 𝗱𝘂𝗿𝗮𝗯𝗹𝗲 𝗺𝗮𝗴𝗻𝗲𝘁𝗶𝗰 𝘃𝗶𝗻𝘆𝗹; this ensures that the magnet adheres securely to metal surfaces and will maintain its magnetic strength over time. Our magnets are waterproof and heat resistant, which makes them ideal for outdoor use. We make our magnets with UV-resistant inks so that they do not fade over time from sun exposure. | 𝗘𝗻𝗱𝗹𝗲𝘀𝘀 𝗽𝗼𝘀𝘀𝗶𝗯𝗶𝗹𝗶𝘁𝗶𝗲𝘀; our heavy-duty magnets are ideal for use on cars, trucks, SUVs, mailboxes, refrigerators, toolboxes, etc. Easily removable and reusable, you can proudly display this flexible magnet in a plethora of spaces. Please ensure that your surface is composed of steel rather than fiberglass, plastic, or aluminum. Magnets will not stick to non-metal surfaces. | 𝗖𝗿𝗮𝗳𝘁𝗲𝗱 𝗶𝗻 𝘁𝗵𝗲 𝗨𝗦𝗔; we uphold our commitment to American craftsmanship by producing all our products in the USA. | 𝗤𝘂𝗮𝗹𝗶𝘁𝘆 𝗮𝗻𝗱 𝘀𝗮𝘁𝗶𝘀𝗳𝗮𝗰𝘁𝗶𝗼𝗻 𝗮𝘀𝘀𝘂𝗿𝗮𝗻𝗰𝗲; we manufacture our magnets to meet high standards. If you experience anything less than perfection, we ask for you to reach out to us so we can make it right.","Kamala Harris Waltz 2024 Car Magnet 4x6 Inch Oval, Election",NO,2026-09-01T08:33:16.774Z
3-RANDOM_SAMPLE_GENERAL,B0DGVBZN9T,"Magnet Me Up Kamala Harris Waltz 2024 Election Magnetic Decal, for The People, 4x6 Inch, 2 Pack, Harris for President, Harris 2024, Kamala Harris Car Magnet, Democrat, Bumper Magnet, Made in USA",194,Active,12.99,E-130,B0DFHTJB2L,"𝗚𝗿𝗲𝗮𝘁 𝗰𝗮𝗺𝗽𝗮𝗶𝗴𝗻 𝘁𝗼𝗼𝗹; an excellent tool for promoting the Harris Walz campaign, making it a must-have for any supporter. A great way to display your support for the 2024 election, ideal for campaign volunteers and supporters. | 𝗖𝗿𝗮𝗳𝘁𝗲𝗱 𝗳𝗿𝗼𝗺 𝘀𝘁𝗿𝗼𝗻𝗴 𝗮𝗻𝗱 𝗱𝘂𝗿𝗮𝗯𝗹𝗲 𝗺𝗮𝗴𝗻𝗲𝘁𝗶𝗰 𝘃𝗶𝗻𝘆𝗹; this ensures that the magnet adheres securely to metal surfaces and will maintain its magnetic strength over time. Our magnets are waterproof and heat resistant, which makes them ideal for outdoor use. We make our magnets with UV-resistant inks so that they do not fade over time from sun exposure. | 𝗘𝗻𝗱𝗹𝗲𝘀𝘀 𝗽𝗼𝘀𝘀𝗶𝗯𝗶𝗹𝗶𝘁𝗶𝗲𝘀; our heavy-duty magnets are ideal for use on cars, trucks, SUVs, mailboxes, refrigerators, toolboxes, etc. Easily removable and reusable, you can proudly display this flexible magnet in a plethora of spaces. Please ensure that your surface is composed of steel rather than fiberglass, plastic, or aluminum. Magnets will not stick to non-metal surfaces. | 𝗖𝗿𝗮𝗳𝘁𝗲𝗱 𝗶𝗻 𝘁𝗵𝗲 𝗨𝗦𝗔; we uphold our commitment to American craftsmanship by producing all our products in the USA. | 𝗤𝘂𝗮𝗹𝗶𝘁𝘆 𝗮𝗻𝗱 𝘀𝗮𝘁𝗶𝘀𝗳𝗮𝗰𝘁𝗶𝗼𝗻 𝗮𝘀𝘀𝘂𝗿𝗮𝗻𝗰𝗲; we manufacture our magnets to meet high standards. If you experience anything less than perfection, we ask for you to reach out to us so we can make it right.",People Kamala Harris Waltz 2024 Election Car Magnet 4x6 Inch 2 Pack,NO,2026-09-01T08:33:16.774Z
3-RANDOM_SAMPLE_GENERAL,B076JKYRY2,"Magnet Me Up 5K Marathon Black Stencil Oval Magnet Decal, 4x6 Inches, Heavy Duty Automotive Magnet for Car Truck SUV",116,Active,8.99,O-115,B0B72CFZ7N,"Dress up your space; we have a design for every personality. Whether you want to show pride for your country, make the driver behind you smile, or give an awesome gift, we have something for everyone | Crafted from strong and durable magnetic vinyl; this ensures that the magnet adheres securely to metal surfaces and will maintain its magnetic strength over time. Our magnets are waterproof and heat resistant, which makes them ideal for outdoor use. We make our magnets with UV-resistant inks so that they do not fade over time from sun exposure | Endless possibilities; our heavy-duty magnets are ideal for use on cars, trucks, SUVs, mailboxes, refrigerators, toolboxes, etc. Easily removable and reusable, you can proudly display this flexible magnet in a plethora of spaces. Please ensure that your surface is composed of steel rather than fiberglass, plastic, or aluminum. Magnets will not stick to non-metal surfaces | Crafted in the USA; we uphold our commitment to American craftsmanship by producing all our products in the USA | Quality and satisfaction assurance; we manufacture our magnets to meet high standards. If you experience anything less than perfection, we ask for you to reach out to us so we can make it right",5K Marathon Black Stencil Oval Car Magnet 4x6 Inch,NO,2026-09-01T08:33:18.602Z
3-RANDOM_SAMPLE_GENERAL,B0F257VKSD,"Magnet Me Up Wild Horse Kick Funny Magnetic Decal, 5 Inch Pink Unicorn Twist, UV Printed Vinyl – Durable, Weatherproof SUV & Truck, Car Magnet, Western Flair, Crafted in USA",173,Active,8.99,M-254,B0CPT723GV,"🧲 𝗙𝘂𝗻 𝗣𝗶𝗻𝗸 𝗨𝗻𝗶𝗰𝗼𝗿𝗻 𝗧𝘄𝗶𝘀𝘁 𝗼𝗻 𝗮 𝗖𝗹𝗮𝘀𝘀𝗶𝗰 𝗧𝗵𝗲𝗺𝗲 - A playful take on the traditional ""Funny Off-Road Vehicle Theme"" design, featuring a pink unicorn for a unique and whimsical touch. | 🧲 𝗠𝗮𝗱𝗲 𝗳𝗿𝗼𝗺 𝘀𝘁𝗿𝗼𝗻𝗴 𝗮𝗻𝗱 𝗱𝘂𝗿𝗮𝗯𝗹𝗲 𝗺𝗮𝗴𝗻𝗲𝘁𝗶𝗰 𝘃𝗶𝗻𝘆𝗹; this ensures that the magnet adheres securely to metal surfaces and will maintain its magnetic strength over time. Our magnets are waterproof and heat resistant, which makes them ideal for outdoor use. We make our magnets with UV-resistant inks so that they do not fade over time from sun exposure. | 🧲 𝗘𝗻𝗱𝗹𝗲𝘀𝘀 𝗽𝗼𝘀𝘀𝗶𝗯𝗶𝗹𝗶𝘁𝗶𝗲𝘀; our heavy-duty magnets are ideal for use on cars, trucks, SUVs, mailboxes, refrigerators, toolboxes, etc. Easily removable and reusable, you can proudly display this flexible magnet in a plethora of spaces. Please ensure that your surface is composed of steel rather than fiberglass, plastic, or aluminum. Magnets will not stick to non-metal surfaces. | 🧲 𝗠𝗮𝗱𝗲 𝗶𝗻 𝘁𝗵𝗲 𝗨𝗦𝗔:; we uphold our commitment to American craftsmanship by producing all our products in the USA. | 🧲 𝗤𝘂𝗮𝗹𝗶𝘁𝘆 𝗮𝗻𝗱 𝘀𝗮𝘁𝗶𝘀𝗳𝗮𝗰𝘁𝗶𝗼𝗻 𝗮𝘀𝘀𝘂𝗿𝗮𝗻𝗰𝗲; we manufacture our magnets to meet high standards. If you experience anything less than perfection, we ask that you to reach out to us so we can make the right whiteboard accessories.","Wild Horse Kick Funny Car Magnet 5 Inch, Funny Gift, Pink Unicorn",NO,2026-09-01T08:33:18.602Z
3-RANDOM_SAMPLE_GENERAL,B0FZLTZD5R,"Magnet Me Up Trump 2028 Car Magnet, 4x6 Inches, Election 2028 Magnetic Decal, Durable UV Printed Vinyl, Weatherproof, Full-Color Political Campaign Item, Made in USA",165,Active,8.99,E-155,B0FH36S22M,"🧲 𝗕𝗼𝗹𝗱 𝗣𝗮𝘁𝗿𝗶𝗼𝘁𝗶𝗰 𝗗𝗲𝘀𝗶𝗴𝗻- Show your support proudly with this Trump 2028 car magnet, featuring a vivid red, white, and blue full-color print that captures the spirit of the 2028 election. | 🧲 𝗠𝗮𝗱𝗲 𝗳𝗿𝗼𝗺 𝘀𝘁𝗿𝗼𝗻𝗴 𝗮𝗻𝗱 𝗱𝘂𝗿𝗮𝗯𝗹𝗲 𝗺𝗮𝗴𝗻𝗲𝘁𝗶𝗰 𝘃𝗶𝗻𝘆𝗹; this ensures that the magnet adheres securely to metal surfaces and will maintain its magnetic strength over time. Our magnets are waterproof and heat resistant, which makes them ideal for outdoor use. We make our magnets with UV-resistant inks so that they do not fade over time from sun exposure. | 🧲 𝗘𝗻𝗱𝗹𝗲𝘀𝘀 𝗽𝗼𝘀𝘀𝗶𝗯𝗶𝗹𝗶𝘁𝗶𝗲𝘀; our heavy-duty magnets are ideal for use on cars, trucks, SUVs, mailboxes, refrigerators, toolboxes, etc. Easily removable and reusable, you can proudly display this flexible magnet in a plethora of spaces. Please ensure that your surface is composed of steel rather than fiberglass, plastic, or aluminum. Magnets will not stick to non-metal surfaces. | 🧲 𝗠𝗮𝗱𝗲 𝗶𝗻 𝘁𝗵𝗲 𝗨𝗦𝗔:; we uphold our commitment to American craftsmanship by producing all our products in the USA. | 🧲 𝗤𝘂𝗮𝗹𝗶𝘁𝘆 𝗮𝗻𝗱 𝘀𝗮𝘁𝗶𝘀𝗳𝗮𝗰𝘁𝗶𝗼𝗻 𝗮𝘀𝘀𝘂𝗿𝗮𝗻𝗰𝗲; we manufacture our magnets to meet high standards. If you experience anything less than perfection, we ask that you to reach out to us so we can make the right whiteboard accessories.","Trump 2028 Election Car Magnet 4x6 Inch, Made in USA",NO,2026-09-01T08:33:16.774Z
3-RANDOM_SAMPLE_GENERAL,B0H76XS1PR,"Magnet Me Up Josh Shapiro Democrat Supporter Car Magnet 4""x6"" Brush Stroke Oval Political Campaign Magnetic Decal for Car, Truck, SUV, Election Bumper Accessory, UV Printed, Crafted in USA",188,Active,8.99,E-178,B0H7T4P14L,"𝗦𝗵𝗮𝗽𝗶𝗿𝗼 𝟮𝟬𝟮𝟴 𝗖𝗮𝗿 𝗠𝗮𝗴𝗻𝗲𝘁: Display your support with this bold Shapiro 2028 car magnet featuring a patriotic red, white, and blue oval campaign-inspired design. Perfect for election season, political rallies, parades, tailgates, and everyday driving. | 🧲 𝗠𝗮𝗱𝗲 𝗳𝗿𝗼𝗺 𝘀𝘁𝗿𝗼𝗻𝗴 𝗮𝗻𝗱 𝗱𝘂𝗿𝗮𝗯𝗹𝗲 𝗺𝗮𝗴𝗻𝗲𝘁𝗶𝗰 𝘃𝗶𝗻𝘆𝗹; this ensures that the magnet adheres securely to metal surfaces and will maintain its magnetic strength over time. Our magnets are waterproof and heat resistant, which makes them ideal for outdoor use. We make our magnets with UV-resistant inks so that they do not fade over time from sun exposure. | 🧲 𝗘𝗻𝗱𝗹𝗲𝘀𝘀 𝗽𝗼𝘀𝘀𝗶𝗯𝗶𝗹𝗶𝘁𝗶𝗲𝘀; our heavy-duty magnets are ideal for use on cars, trucks, SUVs, mailboxes, refrigerators, toolboxes, etc. Easily removable and reusable, you can proudly display this flexible magnet in a plethora of spaces. Please ensure that your surface is composed of steel rather than fiberglass, plastic, or aluminum. Magnets will not stick to non-metal surfaces. | 🧲 𝗠𝗮𝗱𝗲 𝗶𝗻 𝘁𝗵𝗲 𝗨𝗦𝗔:; we uphold our commitment to American craftsmanship by producing all our products in the USA. | 🧲 𝗤𝘂𝗮𝗹𝗶𝘁𝘆 𝗮𝗻𝗱 𝘀𝗮𝘁𝗶𝘀𝗳𝗮𝗰𝘁𝗶𝗼𝗻 𝗮𝘀𝘀𝘂𝗿𝗮𝗻𝗰𝗲; we manufacture our magnets to meet high standards. If you experience anything less than perfection, we ask that you to reach out to us so we can make the right whiteboard accessories.","Josh Shapiro Democrat Supporter Election Car Magnet 4x6 Inch, Made in USA",NO,2026-09-01T08:33:18.602Z
3-RANDOM_SAMPLE_GENERAL,B0F3W996TR,"Magnet Me Up Hands Off Social Security Magnet - 5 inch Round, UV Printed Political Protest Magnetic Decal for Cars, Lockers, Fridge Durable Vinyl, Full-Color, Weatherproof, Made in USA",184,Active,8.99,5R-105,B0F3ZBYZJ7,"🧲 𝗕𝗼𝗹𝗱 𝗣𝗼𝗹𝗶𝘁𝗶𝗰𝗮𝗹 𝗦𝘁𝗮𝘁𝗲𝗺𝗲𝗻𝘁 - Make your voice heard with this bold Hands Off Social Security magnet, perfect for cars, lockers, refrigerators, and more. A powerful way to stand up for your values and spark conversation. | 🧲 𝗠𝗮𝗱𝗲 𝗳𝗿𝗼𝗺 𝘀𝘁𝗿𝗼𝗻𝗴 𝗮𝗻𝗱 𝗱𝘂𝗿𝗮𝗯𝗹𝗲 𝗺𝗮𝗴𝗻𝗲𝘁𝗶𝗰 𝘃𝗶𝗻𝘆𝗹; this ensures that the magnet adheres securely to metal surfaces and will maintain its magnetic strength over time. Our magnets are waterproof and heat resistant, which makes them ideal for outdoor use. We make our magnets with UV-resistant inks so that they do not fade over time from sun exposure. | 🧲 𝗘𝗻𝗱𝗹𝗲𝘀𝘀 𝗽𝗼𝘀𝘀𝗶𝗯𝗶𝗹𝗶𝘁𝗶𝗲𝘀; our heavy-duty magnets are ideal for use on cars, trucks, SUVs, mailboxes, refrigerators, toolboxes, etc. Easily removable and reusable, you can proudly display this flexible magnet in a plethora of spaces. Please ensure that your surface is composed of steel rather than fiberglass, plastic, or aluminum. Magnets will not stick to non-metal surfaces. | 🧲 𝗖𝗿𝗮𝗳𝘁𝗲𝗱 𝗶𝗻 𝘁𝗵𝗲 𝗨𝗦𝗔; we uphold our commitment to American craftsmanship by producing all our products in the USA. | 🧲 𝗤𝘂𝗮𝗹𝗶𝘁𝘆 𝗮𝗻𝗱 𝘀𝗮𝘁𝗶𝘀𝗳𝗮𝗰𝘁𝗶𝗼𝗻 𝗮𝘀𝘀𝘂𝗿𝗮𝗻𝗰𝗲; we manufacture our magnets to meet high standards. If you experience anything less than perfection, we ask for you to reach out to us so we can make the right whiteboard accessories.","Hands Off Social Security Car Magnet 5 Inch Round, Made in USA",NO,2026-09-01T08:33:18.602Z
4-EXCLUDED_RULE_VIOLATION,B0F6TQ3PW7,"Magnet Me Up - It's Okay Not to be Okay! Mental Health Awareness Magnet - 3.5x7 Inches, Green Ribbon Magnetic Decal, Locker, Refrigerator - Full-Color UV Print, Weatherproof Vinyl - Made in USA",193,Active,8.99,R-85,B0F7NQLVLG,"🧲 𝗦𝗵𝗼𝘄 𝘆𝗼𝘂𝗿 𝘀𝘂𝗽𝗽𝗼𝗿𝘁 𝗳𝗼𝗿 𝗺𝗲𝗻𝘁𝗮𝗹 𝗵𝗲𝗮𝗹𝘁𝗵 𝗶𝗻𝗶𝘁𝗶𝗮𝘁𝗶𝘃𝗲𝘀 𝘄𝗶𝘁𝗵 𝘁𝗵𝗶𝘀 𝘃𝗶𝗯𝗿𝗮𝗻𝘁 𝗴𝗿𝗲𝗲𝗻 𝗿𝗶𝗯𝗯𝗼𝗻 𝗺𝗮𝗴𝗻𝗲𝘁. Ideal for spreading awareness on your car, refrigerator, or locker. Full-color UV printing for lasting visibility. | 🧲 𝗖𝗿𝗮𝗳𝘁𝗲𝗱 𝗳𝗿𝗼𝗺 𝘀𝘁𝗿𝗼𝗻𝗴 𝗮𝗻𝗱 𝗱𝘂𝗿𝗮𝗯𝗹𝗲 𝗺𝗮𝗴𝗻𝗲𝘁𝗶𝗰 𝘃𝗶𝗻𝘆𝗹; this ensures that the magnet adheres securely to metal surfaces and will maintain its magnetic strength over time. Our magnets are waterproof and heat resistant, which makes them ideal for outdoor use. We make our magnets with UV-resistant inks so that they do not fade over time from sun exposure | 🧲 𝗘𝗻𝗱𝗹𝗲𝘀𝘀 𝗽𝗼𝘀𝘀𝗶𝗯𝗶𝗹𝗶𝘁𝗶𝗲𝘀; our heavy-duty magnets are ideal for use on cars, trucks, SUVs, mailboxes, refrigerators, toolboxes, etc. Easily removable and reusable, you can proudly display this flexible magnet in a plethora of spaces. Please ensure that your surface is composed of steel rather than fiberglass, plastic, or aluminum. Magnets will not stick to non-metal surfaces | 🧲 𝗖𝗿𝗮𝗳𝘁𝗲𝗱 𝗶𝗻 𝘁𝗵𝗲 𝗨𝗦𝗔; we uphold our commitment to American craftsmanship by producing all our products in the USA | 🧲 𝗤𝘂𝗮𝗹𝗶𝘁𝘆 𝗮𝗻𝗱 𝘀𝗮𝘁𝗶𝘀𝗳𝗮𝗰𝘁𝗶𝗼𝗻 𝗮𝘀𝘀𝘂𝗿𝗮𝗻𝗰𝗲; we manufacture our magnets to meet high standards. If you experience anything less than perfection, we ask for you to reach out to us so we can make it right",It's Okay Not to be Okay! Mental Health Awareness Ribbon Magnet 3.5x7 in,NO,2026-09-01T08:33:18.602Z
4-EXCLUDED_RULE_VIOLATION,B0CXYVBXLR,"Magnet Me Up Duck that! Crazy Cute Duck Magnet Decal, 6x4 Inches, Heavy Duty Automotive for Car, Truck, Refrigerator, Or Any Other Magnetic Surface, Funny Gag Joke Gift, Crafted in USA",184,Active,8.99,M-188,B0CY32VRQJ,"Add a Quirky Twist to Your Space with Our Duck-Themed magnet: ""Duck That"". Looking for a magnet that's as sassy as it is adorable? Meet our charming duck magnet, guaranteed to bring a smile to your face and a chuckle to your day | Premium grade material; our magnets are made from strong and durable magnetic vinyl. This ensures that the magnet adheres securely to metal surfaces and will maintain its magnetic strength over time. Our magnets are waterproof and heat resistant, which makes them ideal for outdoor use. We make our magnets with UV-resistant inks so that they do not fade over time from sun exposure | Endless possibilities; our heavy-duty magnets are ideal for use on cars, trucks, SUVs, mailboxes, refrigerators, toolboxes, etc. Easily removable and reusable, you can proudly display this flexible magnet in a plethora of spaces. Please ensure that your surface is composed of steel rather than fiberglass, plastic, or aluminum. Magnets will not stick to non-metal surfaces | Crafted in the USA; we uphold our commitment to American craftsmanship by producing all our products in the USA | Quality and satisfaction assurance; we manufacture our magnets to meet high standards. If you experience anything less than perfection, we ask for you to reach out to us so we can make it right","Duck that! Crazy Cute Duck Car Magnet 6x4 Inch, Funny Gift, Made in USA",NO,2026-09-01T08:33:18.602Z
4-EXCLUDED_RULE_VIOLATION,B0CXYPZK13,"Magnet Me Up Duck This and Duck that Crazy Cute Duck Magnet Decal, 2 Pack, 5 Inch, Heavy Duty Auto Mag for Car, Truck, Refrigerator, Or Any Other Magnetic Surface, Funny Gag Joke Gift, Crafted in USA",199,Active,11.99,M-190,B0CY32VRQJ,"Add a Quirky twist to your space with our Duck-Themed Magnets; ""Duck This! and Duck That"" combo pack. Looking for a magnet that's as sassy as it is adorable? Meet our charming duck magnets, guaranteed to bring a smile to your face and a chuckle to your day | Premium grade material; our magnets are made from strong and durable magnetic vinyl. This ensures that the magnet adheres securely to metal surfaces and will maintain its magnetic strength over time. Our magnets are waterproof and heat resistant, which makes them ideal for outdoor use. We make our magnets with UV-resistant inks so that they do not fade over time from sun exposure | Endless possibilities; our heavy-duty magnets are ideal for use on cars, trucks, SUVs, mailboxes, refrigerators, toolboxes, etc. Easily removable and reusable, you can proudly display this flexible magnet in a plethora of spaces. Please ensure that your surface is composed of steel rather than fiberglass, plastic, or aluminum. Magnets will not stick to non-metal surfaces | Crafted in the USA; we uphold our commitment to American craftsmanship by producing all our products in the USA | Quality and satisfaction assurance; we manufacture our magnets to meet high standards. If you experience anything less than perfection, we ask for you to reach out to us so we can make it right","Duck This and Duck That Crazy Cute Duck Car Magnet 5 in 2 Pack, Funny Gift",NO,2026-09-01T08:33:18.602Z
4-EXCLUDED_RULE_VIOLATION,B0CWSBJY9G,"Magnet Me Up Back Off! I'm Anxious Magnet Decal, 5 inch Round, Heavy Duty for Car, Truck, SUV, Or Any Other Magnetic Surface, Funny Humorous Meme Culture Gift Idea, Crafted in The USA",183,Active,8.99,5R-88,B0H5S9RX48,"Humorous ""Back Off, I'm Anxious"" magnet; this lighthearted magnet combines humor and honesty. Ideal for adding a touch of relatable comedy to your fridge or workspace, it's a great conversation starter and a fun way to express your personality while acknowledging everyday anxieties. Ideal gift for Mother's Day celebration. | Crafted from strong and durable magnetic vinyl; this ensures that the magnet adheres securely to metal surfaces and will maintain its magnetic strength over time. Our magnets are waterproof and heat resistant, which makes them ideal for outdoor use. We make our magnets with UV-resistant inks so that they do not fade over time from sun exposure | Endless possibilities; our heavy-duty magnets are ideal for use on cars, trucks, SUVs, mailboxes, refrigerators, toolboxes, etc. Easily removable and reusable, you can proudly display this flexible magnet in a plethora of spaces. Please ensure that your surface is composed of steel rather than fiberglass, plastic, or aluminum. Magnets will not stick to non-metal surfaces | Crafted in the USA; we uphold our commitment to American craftsmanship by producing all our products in the USA | Quality and satisfaction assurance; we manufacture our magnets to meet high standards. If you experience anything less than perfection, we ask for you to reach out to us so we can make it right","Back Off! I'm Anxious Car Magnet 5 Inch, Funny Gift, Made in USA",NO,2026-09-01T08:33:18.602Z
4-EXCLUDED_RULE_VIOLATION,B076JFRYV1,"Magnet Me Up Skull Boo! Oval Magnet Decal, 4x6 Inches, Heavy Duty Automotive Magnet for Car Truck SUV",101,Active,8.99,O-78,,"Dress up your space; we have a design for every personality. Whether you want to show pride for your country, make the driver behind you smile, or give an awesome gift, we have something for everyone | Crafted from strong and durable magnetic vinyl; this ensures that the magnet adheres securely to metal surfaces and will maintain its magnetic strength over time. Our magnets are waterproof and heat resistant, which makes them ideal for outdoor use. We make our magnets with UV-resistant inks so that they do not fade over time from sun exposure | Endless possibilities; our heavy-duty magnets are ideal for use on cars, trucks, SUVs, mailboxes, refrigerators, toolboxes, etc. Easily removable and reusable, you can proudly display this flexible magnet in a plethora of spaces. Please ensure that your surface is composed of steel rather than fiberglass, plastic, or aluminum. Magnets will not stick to non-metal surfaces | Crafted in the USA; we uphold our commitment to American craftsmanship by producing all our products in the USA | Quality and satisfaction assurance; we manufacture our magnets to meet high standards. If you experience anything less than perfection, we ask for you to reach out to us so we can make it right",Skull Boo! Oval Car Magnet 4x6 Inch,NO,2026-09-01T08:33:18.602Z
4-EXCLUDED_RULE_VIOLATION,B0GY5DG36W,"Magnet Me Up My Other Car is Also A Car 3x8 Inches Funny Car Magnet - Humor Accessory Magnetic Decal for Cars, Trucks & SUVs, Cute Cartoon Magnet Weatherproof UV-Printed Vinyl, Crafted in USA",191,Active,8.99,38-161,B0H5S6G2QZ,"😂 𝗙𝘂𝗻𝗻𝘆 𝗖𝗮𝗿 𝗠𝗮𝗴𝗻𝗲𝘁 𝗛𝘂𝗺𝗼𝗿: Show off your sense of humor with the playful ""My Other Car is Also a Car"" magnet design. This funny car magnet is a lighthearted conversation starter that adds personality to your vehicle, toolbox, locker, or refrigerator. | 🧲 𝗠𝗮𝗱𝗲 𝗳𝗿𝗼𝗺 𝘀𝘁𝗿𝗼𝗻𝗴 𝗮𝗻𝗱 𝗱𝘂𝗿𝗮𝗯𝗹𝗲 𝗺𝗮𝗴𝗻𝗲𝘁𝗶𝗰 𝘃𝗶𝗻𝘆𝗹; this ensures that the magnet adheres securely to metal surfaces and will maintain its magnetic strength over time. Our magnets are waterproof and heat resistant, which makes them ideal for outdoor use. We make our magnets with UV-resistant inks so that they do not fade over time from sun exposure. | 🧲 𝗘𝗻𝗱𝗹𝗲𝘀𝘀 𝗽𝗼𝘀𝘀𝗶𝗯𝗶𝗹𝗶𝘁𝗶𝗲𝘀; our heavy-duty magnets are ideal for use on cars, trucks, SUVs, mailboxes, refrigerators, toolboxes, etc. Easily removable and reusable, you can proudly display this flexible magnet in a plethora of spaces. Please ensure that your surface is composed of steel rather than fiberglass, plastic, or aluminum. Magnets will not stick to non-metal surfaces. | 🧲 𝗠𝗮𝗱𝗲 𝗶𝗻 𝘁𝗵𝗲 𝗨𝗦𝗔:; we uphold our commitment to American craftsmanship by producing all our products in the USA. | 🧲 𝗤𝘂𝗮𝗹𝗶𝘁𝘆 𝗮𝗻𝗱 𝘀𝗮𝘁𝗶𝘀𝗳𝗮𝗰𝘁𝗶𝗼𝗻 𝗮𝘀𝘀𝘂𝗿𝗮𝗻𝗰𝗲; we manufacture our magnets to meet high standards. If you experience anything less than perfection, we ask that you to reach out to us so we can make the right whiteboard accessories.","My Other Car is Also A Car Funny Car Magnet 3x8 Inch, Funny Gift, USA Made",NO,2026-09-01T08:33:18.602Z
4-EXCLUDED_RULE_VIOLATION,B0GDS9NKD3,"Magnet Me Up Remember When I Asked for Your Opinion? 5x5 Inch Funny Car Magnet Humorous Vehicle, Magnetic Decal for Cars, Trucks & SUV, Weatherproof Vinyl Accessory, Full-Color UV Print, Made in USA",198,Active,8.99,M-375,B0H5S6G2QZ,"😂 𝗦𝗮𝘀𝘀𝘆 & 𝗥𝗲𝗹𝗮𝘁𝗮𝗯𝗹𝗲 𝗛𝘂𝗺𝗼𝗿: This funny car magnet says what everyone’s thinking: “Remember when I asked for your opinion? Yeah, me neither.” A perfect magnetic decal for drivers with sarcasm and personality. | 🧲 𝗠𝗮𝗱𝗲 𝗳𝗿𝗼𝗺 𝘀𝘁𝗿𝗼𝗻𝗴 𝗮𝗻𝗱 𝗱𝘂𝗿𝗮𝗯𝗹𝗲 𝗺𝗮𝗴𝗻𝗲𝘁𝗶𝗰 𝘃𝗶𝗻𝘆𝗹; this ensures that the magnet adheres securely to metal surfaces and will maintain its magnetic strength over time. Our magnets are waterproof and heat resistant, which makes them ideal for outdoor use. We make our magnets with UV-resistant inks so that they do not fade over time from sun exposure. | 🧲 𝗘𝗻𝗱𝗹𝗲𝘀𝘀 𝗽𝗼𝘀𝘀𝗶𝗯𝗶𝗹𝗶𝘁𝗶𝗲𝘀; our heavy-duty magnets are ideal for use on cars, trucks, SUVs, mailboxes, refrigerators, toolboxes, etc. Easily removable and reusable, you can proudly display this flexible magnet in a plethora of spaces. Please ensure that your surface is composed of steel rather than fiberglass, plastic, or aluminum. Magnets will not stick to non-metal surfaces. | 🧲 𝗖𝗿𝗮𝗳𝘁𝗲𝗱 𝗶𝗻 𝘁𝗵𝗲 𝗨𝗦𝗔; we uphold our commitment to American craftsmanship by producing all our products in the USA. | 🧲 𝗤𝘂𝗮𝗹𝗶𝘁𝘆 𝗮𝗻𝗱 𝘀𝗮𝘁𝗶𝘀𝗳𝗮𝗰𝘁𝗶𝗼𝗻 𝗮𝘀𝘀𝘂𝗿𝗮𝗻𝗰𝗲; we manufacture our magnets to meet high standards. If you experience anything less than perfection, we ask for you to reach out to us so we can make the right whiteboard accessories.","Remember When I Asked for Your Opinion? Funny Car Magnet 5x5 in, Funny Gift",NO,2026-09-01T08:33:18.602Z
4-EXCLUDED_RULE_VIOLATION,B07BL35Q5M,"Magnet Me Up You are More Awesome Than You Realize! Magnet Decal, 4x4 Inches, Perfect for Refrigerator, Dishwasher or Any Other Magnetic Surface, Mailbox, Fridge, Express Motivation, Crafted in USA",197,Active,8.99,M-34,B0G22HQ1XV,"Dress up your space; we have a design for every personality. Whether you want to show pride for your country, make the driver behind you smile, or give an awesome gift, we have something for everyone | Crafted from strong and durable magnetic vinyl; this ensures that the magnet adheres securely to metal surfaces and will maintain its magnetic strength over time. Our magnets are waterproof and heat resistant, which makes them ideal for outdoor use. We make our magnets with UV-resistant inks so that they do not fade over time from sun exposure | Endless possibilities; our heavy-duty magnets are ideal for use on cars, trucks, SUVs, mailboxes, refrigerators, toolboxes, etc. Easily removable and reusable, you can proudly display this flexible magnet in a plethora of spaces. Please ensure that your surface is composed of steel rather than fiberglass, plastic, or aluminum. Magnets will not stick to non-metal surfaces | Crafted in the USA; we uphold our commitment to American craftsmanship by producing all our products in the USA | Quality and satisfaction assurance; we manufacture our magnets to meet high standards. If you experience anything less than perfection, we ask for you to reach out to us so we can make it right","You are More Awesome Than You Realize! Dishwasher Magnet 4x4 Inch, USA Made",NO,2026-09-01T08:33:18.602Z
4-EXCLUDED_RULE_VIOLATION,B07932LRHG,"Magnet Me Up I'm Awesome! Just Saying Oval Magnet Decal, 4x6 Inches, Heavy Duty Automotive Magnet for Car Truck",111,Active,8.99,O-123,B0G22HQ1XV,"Dress up your space; we have a design for every personality. Whether you want to show pride for your country, make the driver behind you smile, or give an awesome gift, we have something for everyone | Crafted from strong and durable magnetic vinyl; this ensures that the magnet adheres securely to metal surfaces and will maintain its magnetic strength over time. Our magnets are waterproof and heat resistant, which makes them ideal for outdoor use. We make our magnets with UV-resistant inks so that they do not fade over time from sun exposure | Endless possibilities; our heavy-duty magnets are ideal for use on cars, trucks, SUVs, mailboxes, refrigerators, toolboxes, etc. Easily removable and reusable, you can proudly display this flexible magnet in a plethora of spaces. Please ensure that your surface is composed of steel rather than fiberglass, plastic, or aluminum. Magnets will not stick to non-metal surfaces | Crafted in the USA; we uphold our commitment to American craftsmanship by producing all our products in the USA | Quality and satisfaction assurance; we manufacture our magnets to meet high standards. If you experience anything less than perfection, we ask for you to reach out to us so we can make it right",I'm Awesome! Just Saying Oval Car Magnet 4x6 Inch,NO,2026-09-01T08:33:18.602Z
4-EXCLUDED_RULE_VIOLATION,B0H4WNZ57F,"Magnet Me Up - It's Okay Not to be Okay! Mental Health Awareness Magnet - 3.5x7 Inches, 2 Pack Green Ribbon Magnetic Decal, Locker, Refrigerator - Full-Color, Weatherproof Vinyl Crafted in USA",192,Active,10.99,R-171,B0F7NQLVLG,"𝗦𝗵𝗮𝗿𝗲 𝗮 𝗽𝗼𝘄𝗲𝗿𝗳𝘂𝗹 𝗺𝗲𝘀𝘀𝗮𝗴𝗲 𝗼𝗳 𝗵𝗼𝗽𝗲, 𝗰𝗼𝗺𝗽𝗮𝘀𝘀𝗶𝗼𝗻, 𝗮𝗻𝗱 𝘂𝗻𝗱𝗲𝗿𝘀𝘁𝗮𝗻𝗱𝗶𝗻𝗴 𝘄𝗶𝘁𝗵 𝘁𝗵𝗶𝘀 ""It's Okay Not to Be Okay"" mental health awareness magnet. Featuring a green awareness ribbon and an encouraging design, this magnetic decal helps promote conversations about mental wellness, emotional support, and mental health advocacy. | 🧲 𝗖𝗿𝗮𝗳𝘁𝗲𝗱 𝗳𝗿𝗼𝗺 𝘀𝘁𝗿𝗼𝗻𝗴 𝗮𝗻𝗱 𝗱𝘂𝗿𝗮𝗯𝗹𝗲 𝗺𝗮𝗴𝗻𝗲𝘁𝗶𝗰 𝘃𝗶𝗻𝘆𝗹; this ensures that the magnet bumper sticker adheres securely to metal surfaces and will maintain its magnetic strength over time. Our magnets are waterproof and heat resistant, ideal for outdoor use. Full-color UV printing gives lasting visibility and prevents fading from sun exposure. | 🧲 𝗘𝗻𝗱𝗹𝗲𝘀𝘀 𝗽𝗼𝘀𝘀𝗶𝗯𝗶𝗹𝗶𝘁𝗶𝗲𝘀; our heavy-duty magnets are ideal for use on cars, trucks, SUVs, mailboxes, refrigerators, toolboxes, and more. Easily removable and reusable, you can proudly display this flexible magnet bumper sticker in a plethora of spaces.𝙋𝙡𝙚𝙖𝙨𝙚 𝙚𝙣𝙨𝙪𝙧𝙚 𝙮𝙤𝙪𝙧 𝙫𝙚𝙝𝙞𝙘𝙡𝙚𝙨 𝙨𝙪𝙧𝙛𝙖𝙘𝙚 𝙞𝙨 𝙢𝙖𝙙𝙚 𝙛𝙧𝙤𝙢 𝙨𝙩𝙚𝙚𝙡, 𝙖𝙨 𝙢𝙖𝙜𝙣𝙚𝙩𝙨 𝙬𝙞𝙡𝙡 𝙣𝙤𝙩 𝙨𝙩𝙞𝙘𝙠 𝙩𝙤 𝙣𝙤𝙣-𝙢𝙚𝙩𝙖𝙡 𝙨𝙪𝙧𝙛𝙖𝙘𝙚𝙨. | 🧲 𝗖𝗿𝗮𝗳𝘁𝗲𝗱 𝗶𝗻 𝘁𝗵𝗲 𝗨𝗦𝗔; we uphold our commitment to American craftsmanship by producing all our products in the USA | 🧲 𝗤𝘂𝗮𝗹𝗶𝘁𝘆 𝗮𝗻𝗱 𝘀𝗮𝘁𝗶𝘀𝗳𝗮𝗰𝘁𝗶𝗼𝗻 𝗮𝘀𝘀𝘂𝗿𝗮𝗻𝗰𝗲; we manufacture our magnets to meet high standards. If you experience anything less than perfection, we ask for you to reach out to us so we can make it right",It's Okay Not to be Okay! Mental Health Ribbon Magnet 3.5x7 Inch 2 Pack,NO,2026-09-01T08:33:18.602Z
4-EXCLUDED_RULE_VIOLATION,B0DMQKV8HY,"Magnet Me Up Custom Photo Strip Frame Magnet Decal, Customizable Photo Booth Picture Frame Fridge (Die Cut)",107,Active,13.99,CDIEC-2,B0G4NQF7HS,"🧲 𝗖𝗿𝗲𝗮𝘁𝗲 𝗹𝗮𝘀𝘁𝗶𝗻𝗴 𝗺𝗲𝗺𝗼𝗿𝗶𝗲𝘀 𝘄𝗶𝘁𝗵 𝗼𝘂𝗿 𝗰𝘂𝘀𝘁𝗼𝗺 𝗽𝗵𝗼𝘁𝗼 𝗯𝗼𝗼𝘁𝗵 𝗽𝗶𝗰𝘁𝘂𝗿𝗲 𝗳𝗿𝗮𝗺𝗲 𝗺𝗮𝗴𝗻𝗲𝘁. Great for preserving your favorite moments, this personalized magnetic frame is ideal for showcasing photos from weddings, parties, or special events. | 🧲 𝗘𝗮𝘀𝘆-𝘁𝗼-𝘂𝘀𝗲 𝗼𝗻𝗹𝗶𝗻𝗲 𝗰𝘂𝘀𝘁𝗼𝗺𝗶𝘇𝗮𝘁𝗶𝗼𝗻 𝘁𝗼𝗼𝗹; designing your photo magnet is a breeze with our user-friendly online tool. Add a personal touch with our customization options- simply upload your favorite photo and add desired text. | 🧲 𝗩𝗶𝘃𝗶𝗱, 𝗵𝗶𝗴𝗵-𝗿𝗲𝘀𝗼𝗹𝘂𝘁𝗶𝗼𝗻 𝗽𝗿𝗶𝗻𝘁𝗶𝗻𝗴; ensures your photos look stunning and detailed on each magnet. Unique gift for weddings, birthdays, and more. Great for home decor, decorating your fridge, locker, or any magnetic surface, adding a personal touch to your space. | 🧲 𝗖𝗿𝗮𝗳𝘁𝗲𝗱 𝗶𝗻 𝘁𝗵𝗲 𝗨𝗦𝗔; we uphold our commitment to American craftsmanship by producing all our products in the USA. | 🧲 𝗤𝘂𝗮𝗹𝗶𝘁𝘆 𝗮𝗻𝗱 𝘀𝗮𝘁𝗶𝘀𝗳𝗮𝗰𝘁𝗶𝗼𝗻 𝗮𝘀𝘀𝘂𝗿𝗮𝗻𝗰𝗲; we manufacture our magnets to meet high standards. If you experience anything less than perfection, we ask for you to reach out to us so we can make it right.","Custom Photo Magnet, Photo Booth, Add Photo & Text",NO,2026-09-01T08:33:18.602Z
4-EXCLUDED_RULE_VIOLATION,B0CZSFHRZX,"Kennedy 2024 Robert F. Kennedy, Jr. Democratic Political Party 2024 Adhesive Decal Sticker, 5 Pack, 5.5x3.5 Inch, Heavy Duty Adhesion to Car Window, Bumper, Laptop, Crafted in the USA",183,Active,11.99,MDE-14,B0CZSNVZKG,"Are you passionate about progressive politics and standing up for what's right? Show your support for a leader who championed justice, equality, and progress. Introducing our exclusive Robert F. Kennedy Jr. for President sticker Decal. | Anti-theft; how many times have you come back to your car to notice that your car magnets have been removed or have fallen off during a car wash or heavy storm? With decals, you can rest assured that no one is taking them off of your vehicles if they don't like them, or if they like them so much that they take them for themselves! These decals have strong adhesive backing to ensure that they aren't going anywhere. | Event signage and identification; Decal stickers are often used during events to provide identification, such as participant badges, access passes, or event-specific stickers. They can also be used for directional signage, labeling, or branding purposes during conferences, exhibitions, or trade shows. You can even use them to showcase beliefs such as political affiliations. | Durable and weather-resistant; high-quality window decals are designed to withstand various weather conditions, including sunlight, rain, and heat, ensuring long-lasting. Colors and designs stay vibrant even under exposure to sunlight or outdoor. | Application; When applying decals, it is important to follow instructions for proper installation. The surface should be clean and dry before applying the decal to ensure good adhesion.",Kennedy 2024 Election Adhesive Decal Stickers 5.5x3.5 Inch 5 Pack,NO,2026-09-01T08:27:35.352Z
4-EXCLUDED_RULE_VIOLATION,B01MS8VAW0,"Magnet Me Up Keep America Great! Trump Republican Political Magnet Decal, 3x8 Inches, Heavy Duty Automotive Magnet for Car Truck SUV",132,Active,8.99,E-34,B0FH36S22M,"𝗦𝗵𝗼𝘄 𝘆𝗼𝘂𝗿 𝘂𝗻𝘄𝗮𝘃𝗲𝗿𝗶𝗻𝗴 𝘀𝘂𝗽𝗽𝗼𝗿𝘁 𝗳𝗼𝗿 𝗣𝗿𝗲𝘀𝗶𝗱𝗲𝗻𝘁 𝗧𝗿𝘂𝗺𝗽, with this eye-catching and patriotic vehicle. Designed to make a bold statement, whether you're a passionate supporter or looking for a unique gift, this vehicle magnet is sure to stand out. | 𝗖𝗿𝗮𝗳𝘁𝗲𝗱 𝗳𝗿𝗼𝗺 𝘀𝘁𝗿𝗼𝗻𝗴 𝗮𝗻𝗱 𝗱𝘂𝗿𝗮𝗯𝗹𝗲 𝗺𝗮𝗴𝗻𝗲𝘁𝗶𝗰 𝘃𝗶𝗻𝘆𝗹; this ensures that the magnet adheres securely to metal surfaces and will maintain its magnetic strength over time. Our magnets are waterproof and heat resistant, which makes them ideal for outdoor use. We make our magnets with UV-resistant inks so that they do not fade over time from sun exposure. | 𝗘𝗻𝗱𝗹𝗲𝘀𝘀 𝗽𝗼𝘀𝘀𝗶𝗯𝗶𝗹𝗶𝘁𝗶𝗲𝘀; our heavy-duty magnets are ideal for use on cars, trucks, SUVs, mailboxes, refrigerators, toolboxes, etc. Easily removable and reusable, you can proudly display this flexible magnet in a plethora of spaces. Please ensure that your surface is composed of steel rather than fiberglass, plastic, or aluminum. Magnets will not stick to non-metal surfaces. | 𝗖𝗿𝗮𝗳𝘁𝗲𝗱 𝗶𝗻 𝘁𝗵𝗲 𝗨𝗦𝗔; we uphold our commitment to American craftsmanship by producing all our products in the USA. | 𝗤𝘂𝗮𝗹𝗶𝘁𝘆 𝗮𝗻𝗱 𝘀𝗮𝘁𝗶𝘀𝗳𝗮𝗰𝘁𝗶𝗼𝗻 𝗮𝘀𝘀𝘂𝗿𝗮𝗻𝗰𝗲; we manufacture our magnets to meet high standards. If you experience anything less than perfection, we ask for you to reach out to us so we can make it right.",Keep America ! Trump Republican Political Car Magnet 3x8 Inch,NO,2026-09-01T08:33:16.774Z
4-EXCLUDED_RULE_VIOLATION,B0CXYQHNC1,"Magnet Me Up Duck This! Crazy Cute Duck Magnet Decal, 6x4 Inches, Heavy Duty Automotive for Car, Truck, Refrigerator, Or Any Other Magnetic Surface, Funny Gag Joke Gift, Crafted in USA",184,Active,8.99,M-189,B0CY32VRQJ,"Add a Quirky twist to your space with our Duck-Themed magnet; ""Duck This"". Looking for a magnet that's as sassy as it is adorable? Meet our charming duck magnet, guaranteed to bring a smile to your face and a chuckle to your day | Premium grade material; our magnets are made from strong and durable magnetic vinyl. This ensures that the magnet adheres securely to metal surfaces and will maintain its magnetic strength over time. Our magnets are waterproof and heat resistant, which makes them ideal for outdoor use. We make our magnets with UV-resistant inks so that they do not fade over time from sun exposure | Endless possibilities; our heavy-duty magnets are ideal for use on cars, trucks, SUVs, mailboxes, refrigerators, toolboxes, etc. Easily removable and reusable, you can proudly display this flexible magnet in a plethora of spaces. Please ensure that your surface is composed of steel rather than fiberglass, plastic, or aluminum. Magnets will not stick to non-metal surfaces | Crafted in the USA; we uphold our commitment to American craftsmanship by producing all our products in the USA | Quality and satisfaction assurance; we manufacture our magnets to meet high standards. If you experience anything less than perfection, we ask for you to reach out to us so we can make it right","Duck This! Crazy Cute Duck Car Magnet 6x4 Inch, Funny Gift, Made in USA",NO,2026-09-01T08:33:18.602Z
4-EXCLUDED_RULE_VIOLATION,B0D47ZLMN9,"Magnet Me Up Keep Back! Karen On Board Magnet Decal, No Tailgating, 5x5 Inch, Funny Joke Gag Gift, Vehicle Safety, Automotive Magnet for Car, Truck, SUV, Or Any Other Magnetic Surface, Crafted in USA",199,Active,8.99,M-196,B0D48DK278,"Say goodbye to road rage and hello to a hilarious solution with our ""Keep Back, Karen on Board"" magnet. This magnet is not just a warning, it's a conversation starter! Crafted with bold lettering and a sleek design, it's guaranteed to grab attention and bring a smile to your fellow drivers' faces. | Crafted from strong and durable magnetic vinyl; this ensures that the magnet adheres securely to metal surfaces and will maintain its magnetic strength over time. Our magnets are waterproof and heat resistant, which makes them ideal for outdoor use. We make our magnets with UV-resistant inks so that they do not fade over time from sun exposure | Endless possibilities; our heavy-duty magnets are ideal for use on cars, trucks, SUVs, mailboxes, refrigerators, toolboxes, etc. Easily removable and reusable, you can proudly display this flexible magnet in a plethora of spaces. Please ensure that your surface is composed of steel rather than fiberglass, plastic, or aluminum. Magnets will not stick to non-metal surfaces | Crafted in the USA; we uphold our commitment to American craftsmanship by producing all our products in the USA | Quality and satisfaction assurance; we manufacture our magnets to meet high standards. If you experience anything less than perfection, we ask for you to reach out to us so we can make it right","Keep Back! Karen On Board Car Magnet 5x5 Inch, Funny Gift, Made in USA",NO,2026-09-01T08:33:18.602Z
4-EXCLUDED_RULE_VIOLATION,B0CZS8TNTJ,"Trump 2024 Donald Trump Republican Political Party 2024 Adhesive Decal Sticker, 5 Pack, 5.5x3.5 Inch, Heavy Duty Adhesion to Car Window, Bumper, MAGA Make America Great, Save America",182,Active,11.99,MDE-13,B0CZSPZHV9,"Show Your Support with our Trump 2024 Decal; make a bold statement and proudly display your allegiance to a brighter future with the Trump 2024 Victory Decal. This high-quality, weather-resistant sticker is perfect for your car, laptop, water bottle, or any surface that needs a touch of patriotic flair. | Anti-theft; how many times have you come back to your car to notice that your car magnets have been removed or have fallen off during a car wash or heavy storm? With decals, you can rest assured that no one is taking them off of your vehicles if they don't like them, or if they like them so much that they take them for themselves! These decals have strong adhesive backing to ensure that they aren't going anywhere. | Event signage and identification; decal stickers are often used during events to provide identification, such as participant badges, access passes, or event-specific stickers. They can also be used for directional signage, labeling, or branding purposes during conferences, exhibitions, or trade shows. You can even use them to showcase beliefs such as political affiliations. | Durable and weather-resistant; high-quality window decals are designed to withstand various weather conditions, including sunlight, rain, and heat, ensuring long-lasting. Colors and designs stay vibrant even under exposure to sunlight or outdoor. | Application; when applying decals, it is important to follow instructions for proper installation. The surface should be clean and dry before applying the decal to ensure good adhesion.","Trump 2024 Donald Republican Political Stickers, 5.5 x 3.5 Inch 5 Pack",NO,2026-09-01T08:27:35.352Z
4-EXCLUDED_RULE_VIOLATION,B0DQ2C76WC,"Magnet Me Up Where My Ho's at? Car Christmas Magnet, 5x4.5 Inch, Festive Holiday Car or Fridge Decoration, Funny Idea, Cheeky and Fun Magnets, Bumper Magnet Decal, Crafted in USA",178,Active,8.99,M-238,B0G1CYS5RB,"𝗙𝗲𝘀𝘁𝗶𝘃𝗲 𝗱𝗲𝘀𝗶𝗴𝗻; features a bold, funny, and playful phrase that’s perfect for spreading laughs and good vibes this Christmas. Makes a unique and hilarious gift for friends, family, coworkers, or anyone with a sense of humor this holiday season. | 𝗠𝗮𝗱𝗲 𝗳𝗿𝗼𝗺 𝘀𝘁𝗿𝗼𝗻𝗴 𝗮𝗻𝗱 𝗱𝘂𝗿𝗮𝗯𝗹𝗲 𝗺𝗮𝗴𝗻𝗲𝘁𝗶𝗰 𝘃𝗶𝗻𝘆𝗹; this ensures that the magnet adheres securely to metal surfaces and will maintain its magnetic strength over time. Our magnets are waterproof and heat resistant, which makes them ideal for outdoor use. We make our magnets with UV-resistant inks so that they do not fade over time from sun exposure. | 𝗘𝗻𝗱𝗹𝗲𝘀𝘀 𝗽𝗼𝘀𝘀𝗶𝗯𝗶𝗹𝗶𝘁𝗶𝗲𝘀; our heavy-duty magnets are ideal for use on cars, trucks, SUVs, mailboxes, refrigerators, toolboxes, etc. Easily removable and reusable, you can proudly display this flexible magnet in a plethora of spaces. Please ensure that your surface is composed of steel rather than fiberglass, plastic, or aluminum. Magnets will not stick to non-metal surfaces. | 𝗖𝗿𝗮𝗳𝘁𝗲𝗱 𝗶𝗻 𝘁𝗵𝗲 𝗨𝗦𝗔; we uphold our commitment to American craftsmanship by producing all our products in the USA. | 𝗤𝘂𝗮𝗹𝗶𝘁𝘆 𝗮𝗻𝗱 𝘀𝗮𝘁𝗶𝘀𝗳𝗮𝗰𝘁𝗶𝗼𝗻 𝗮𝘀𝘀𝘂𝗿𝗮𝗻𝗰𝗲; we manufacture our magnets to meet high standards. If you experience anything less than perfection, we ask for you to reach out to us so we can make it right.","Where My Ho's at? Christmas Car Magnet 5x4.5 Inch, Funny Gift, USA Made",NO,2026-09-01T08:33:16.774Z
4-EXCLUDED_RULE_VIOLATION,B076JJZ29Q,"Magnet Me Up Grim Reaper Boo! Oval Magnet Decal, 4x6 Inches, Heavy Duty Automotive Magnet for Car Truck SUV",107,Active,8.99,O-72,,"Dress up your space; we have a design for every personality. Whether you want to show pride for your country, make the driver behind you smile, or give an awesome gift, we have something for everyone | Crafted from strong and durable magnetic vinyl; this ensures that the magnet adheres securely to metal surfaces and will maintain its magnetic strength over time. Our magnets are waterproof and heat resistant, which makes them ideal for outdoor use. We make our magnets with UV-resistant inks so that they do not fade over time from sun exposure | Endless possibilities; our heavy-duty magnets are ideal for use on cars, trucks, SUVs, mailboxes, refrigerators, toolboxes, etc. Easily removable and reusable, you can proudly display this flexible magnet in a plethora of spaces. Please ensure that your surface is composed of steel rather than fiberglass, plastic, or aluminum. Magnets will not stick to non-metal surfaces | Crafted in the USA; we uphold our commitment to American craftsmanship by producing all our products in the USA | Quality and satisfaction assurance; we manufacture our magnets to meet high standards. If you experience anything less than perfection, we ask for you to reach out to us so we can make it right",Grim Reaper Boo! Oval Car Magnet 4x6 Inch,NO,2026-09-01T08:33:18.602Z
4-EXCLUDED_RULE_VIOLATION,B076R9WPV1,"Magnet Me Up Honk Again I'm Reloading! Magnet Decal, 3x8 Inches Heavy Duty Automotive Magnet for Car Truck SUV",110,Active,8.99,38-51,B0B6JR978T,"Dress up your space; we have a design for every personality. Whether you want to show pride for your country, make the driver behind you smile, or give an awesome gift, we have something for everyone | Crafted from strong and durable magnetic vinyl; this ensures that the magnet adheres securely to metal surfaces and will maintain its magnetic strength over time. Our magnets are waterproof and heat resistant, which makes them ideal for outdoor use. We make our magnets with UV-resistant inks so that they do not fade over time from sun exposure | Endless possibilities; our heavy-duty magnets are ideal for use on cars, trucks, SUVs, mailboxes, refrigerators, toolboxes, etc. Easily removable and reusable, you can proudly display this flexible magnet in a plethora of spaces. Please ensure that your surface is composed of steel rather than fiberglass, plastic, or aluminum. Magnets will not stick to non-metal surfaces | Endless possibilities; our heavy-duty magnets are ideal for use on cars, trucks, SUVs, mailboxes, refrigerators, toolboxes, etc. Easily removable and reusable, you can proudly display this flexible magnet in a plethora of spaces. Please ensure that your surface is composed of steel rather than fiberglass, plastic, or aluminum. Magnets will not stick to non-metal surfaces | Crafted in the USA; we uphold our commitment to American craftsmanship by producing all our products in the USA",Honk Again I'm Reloading! Car Magnet 3x8 Inch,NO,2026-09-01T08:33:18.602Z
4-EXCLUDED_RULE_VIOLATION,B076R6W15B,"Magnet Me Up Honk Again I Didn't Hear You! Magnet Decal, 3x8 Inches Heavy Duty Automotive Magnet for Car Truck SUV",114,Active,8.99,38-52,B0B6JR978T,"Dress up your space; we have a design for every personality. Whether you want to show pride for your country, make the driver behind you smile, or give an awesome gift, we have something for everyone | Crafted from strong and durable magnetic vinyl; this ensures that the magnet adheres securely to metal surfaces and will maintain its magnetic strength over time. Our magnets are waterproof and heat resistant, which makes them ideal for outdoor use. We make our magnets with UV-resistant inks so that they do not fade over time from sun exposure | Endless possibilities; our heavy-duty magnets are ideal for use on cars, trucks, SUVs, mailboxes, refrigerators, toolboxes, etc. Easily removable and reusable, you can proudly display this flexible magnet in a plethora of spaces. Please ensure that your surface is composed of steel rather than fiberglass, plastic, or aluminum. Magnets will not stick to non-metal surfaces | Endless possibilities; our heavy-duty magnets are ideal for use on cars, trucks, SUVs, mailboxes, refrigerators, toolboxes, etc. Easily removable and reusable, you can proudly display this flexible magnet in a plethora of spaces. Please ensure that your surface is composed of steel rather than fiberglass, plastic, or aluminum. Magnets will not stick to non-metal surfaces | Crafted in the USA; we uphold our commitment to American craftsmanship by producing all our products in the USA",Honk Again I Didn't Hear You! Car Magnet 3x8 Inch,NO,2026-09-01T08:33:18.602Z
4-EXCLUDED_RULE_VIOLATION,B076RDR2H4,"Magnet Me Up Honk Again Feel Better Now? Magnet Decal, 3x8 Inches Heavy Duty Automotive Magnet for Car Truck SUV",112,Active,8.99,38-54,B0B6JR978T,"Dress up your space; we have a design for every personality. Whether you want to show pride for your country, make the driver behind you smile, or give an awesome gift, we have something for everyone | Crafted from strong and durable magnetic vinyl; this ensures that the magnet adheres securely to metal surfaces and will maintain its magnetic strength over time. Our magnets are waterproof and heat resistant, which makes them ideal for outdoor use. We make our magnets with UV-resistant inks so that they do not fade over time from sun exposure | Endless possibilities; our heavy-duty magnets are ideal for use on cars, trucks, SUVs, mailboxes, refrigerators, toolboxes, etc. Easily removable and reusable, you can proudly display this flexible magnet in a plethora of spaces. Please ensure that your surface is composed of steel rather than fiberglass, plastic, or aluminum. Magnets will not stick to non-metal surfaces | Endless possibilities; our heavy-duty magnets are ideal for use on cars, trucks, SUVs, mailboxes, refrigerators, toolboxes, etc. Easily removable and reusable, you can proudly display this flexible magnet in a plethora of spaces. Please ensure that your surface is composed of steel rather than fiberglass, plastic, or aluminum. Magnets will not stick to non-metal surfaces | Crafted in the USA; we uphold our commitment to American craftsmanship by producing all our products in the USA",Honk Again Feel Better Now? Car Magnet 3x8 Inch,NO,2026-09-01T08:33:18.602Z
4-EXCLUDED_RULE_VIOLATION,B076RC4THG,"Magnet Me Up Honk Again I Dare You! Magnet Decal, 3x8 Inches Heavy Duty Automotive Magnet for car Truck SUV",107,Active,8.99,38-53,B0B6JR978T,"Dress up your space; we have a design for every personality. Whether you want to show pride for your country, make the driver behind you smile, or give an awesome gift, we have something for everyone | Crafted from strong and durable magnetic vinyl; this ensures that the magnet adheres securely to metal surfaces and will maintain its magnetic strength over time. Our magnets are waterproof and heat resistant, which makes them ideal for outdoor use. We make our magnets with UV-resistant inks so that they do not fade over time from sun exposure | Endless possibilities; our heavy-duty magnets are ideal for use on cars, trucks, SUVs, mailboxes, refrigerators, toolboxes, etc. Easily removable and reusable, you can proudly display this flexible magnet in a plethora of spaces. Please ensure that your surface is composed of steel rather than fiberglass, plastic, or aluminum. Magnets will not stick to non-metal surfaces | Endless possibilities; our heavy-duty magnets are ideal for use on cars, trucks, SUVs, mailboxes, refrigerators, toolboxes, etc. Easily removable and reusable, you can proudly display this flexible magnet in a plethora of spaces. Please ensure that your surface is composed of steel rather than fiberglass, plastic, or aluminum. Magnets will not stick to non-metal surfaces | Crafted in the USA; we uphold our commitment to American craftsmanship by producing all our products in the USA",Honk Again I Dare You! Car Magnet 3x8 Inch,NO,2026-09-01T08:33:18.602Z
4-EXCLUDED_RULE_VIOLATION,B0FGFPKZPW,"Magnet Me Up Mont Saint?Michel Magnet - France Souvenir Magnet Decal 5? Round for Fridge, Office, Travel D cor - Full?Color UV Printed Vinyl, Weatherproof, Travel Gifts, Made in USA",181,Active,8.99,5R-127,B0FGZ52JRG,"🧲 𝗙𝗿𝗮𝗻𝗰𝗲 𝗦𝗼𝘂𝘃𝗲𝗻𝗶𝗿 𝗠𝗮𝗴𝗻𝗲𝘁, 𝗜𝗰𝗼𝗻𝗶𝗰 𝗟𝗮𝗻𝗱𝗺𝗮𝗿𝗸- Celebrate France with this Mont Saint‑Michel magnet decal, a perfect France souvenir magnet for travelers and Francophiles alike. | 🧲 𝗠𝗮𝗱𝗲 𝗳𝗿𝗼𝗺 𝘀𝘁𝗿𝗼𝗻𝗴 𝗮𝗻𝗱 𝗱𝘂𝗿𝗮𝗯𝗹𝗲 𝗺𝗮𝗴𝗻𝗲𝘁𝗶𝗰 𝘃𝗶𝗻𝘆𝗹; this ensures that the magnet adheres securely to metal surfaces and will maintain its magnetic strength over time. Our magnets are waterproof and heat resistant, which makes them ideal for outdoor use. We make our magnets with UV-resistant inks so that they do not fade over time from sun exposure. | 🧲 𝗘𝗻𝗱𝗹𝗲𝘀𝘀 𝗽𝗼𝘀𝘀𝗶𝗯𝗶𝗹𝗶𝘁𝗶𝗲𝘀; our heavy-duty magnets are ideal for use on cars, trucks, SUVs, mailboxes, refrigerators, toolboxes, etc. Easily removable and reusable, you can proudly display this flexible magnet in a plethora of spaces. Please ensure that your surface is composed of steel rather than fiberglass, plastic, or aluminum. Magnets will not stick to non-metal surfaces. | 🧲 𝗖𝗿𝗮𝗳𝘁𝗲𝗱 𝗶𝗻 𝘁𝗵𝗲 𝗨𝗦𝗔; we uphold our commitment to American craftsmanship by producing all our products in the USA. | 🧲 𝗤𝘂𝗮𝗹𝗶𝘁𝘆 𝗮𝗻𝗱 𝘀𝗮𝘁𝗶𝘀𝗳𝗮𝗰𝘁𝗶𝗼𝗻 𝗮𝘀𝘀𝘂𝗿𝗮𝗻𝗰𝗲; we manufacture our magnets to meet high standards. If you experience anything less than perfection, we ask for you to reach out to us so we can make the right whiteboard accessories.","Mont Saint- Michel 5"" Car Magnet, Made in USA",NO,2026-09-01T08:33:18.602Z
4-EXCLUDED_RULE_VIOLATION,B07CZVYGQ7,"Magnet Me Up Vegan! All Natural Colors Oval Magnet Decal, 4x6 Inches, Heavy Duty Automotive Magnet for Car Truck SUV",116,Active,8.99,O-153,,"Dress up your space; we have a design for every personality. Whether you want to show pride for your country, make the driver behind you smile, or give an awesome gift, we have something for everyone | Crafted from strong and durable magnetic vinyl; this ensures that the magnet adheres securely to metal surfaces and will maintain its magnetic strength over time. Our magnets are waterproof and heat resistant, which makes them ideal for outdoor use. We make our magnets with UV-resistant inks so that they do not fade over time from sun exposure | Endless possibilities; our heavy-duty magnets are ideal for use on cars, trucks, SUVs, mailboxes, refrigerators, toolboxes, etc. Easily removable and reusable, you can proudly display this flexible magnet in a plethora of spaces. Please ensure that your surface is composed of steel rather than fiberglass, plastic, or aluminum. Magnets will not stick to non-metal surfaces | Crafted in the USA; we uphold our commitment to American craftsmanship by producing all our products in the USA | Quality and satisfaction assurance; we manufacture our magnets to meet high standards. If you experience anything less than perfection, we ask for you to reach out to us so we can make it right",Vegan! All Natural Colors Oval Car Magnet 4x6 Inch,NO,2026-09-01T08:33:18.602Z
4-EXCLUDED_RULE_VIOLATION,B09D8JN3WZ,"Magnet Me Up She Believed that She Could So She Did Oval Magnet Decal, 4x6 Inches, Heavy Duty Automotive Magnet for Car Truck SUV",129,Active,8.99,O-178,,"Dress up your space; we have a design for every personality. Whether you want to show pride for your country, make the driver behind you smile, or give an awesome gift, we have something for everyone | Crafted from strong and durable magnetic vinyl; this ensures that the magnet adheres securely to metal surfaces and will maintain its magnetic strength over time. Our magnets are waterproof and heat resistant, which makes them ideal for outdoor use. We make our magnets with UV-resistant inks so that they do not fade over time from sun exposure | Endless possibilities; our heavy-duty magnets are ideal for use on cars, trucks, SUVs, mailboxes, refrigerators, toolboxes, etc. Easily removable and reusable, you can proudly display this flexible magnet in a plethora of spaces. Please ensure that your surface is composed of steel rather than fiberglass, plastic, or aluminum. Magnets will not stick to non-metal surfaces | Crafted in the USA; we uphold our commitment to American craftsmanship by producing all our products in the USA | Quality and satisfaction assurance; we manufacture our magnets to meet high standards. If you experience anything less than perfection, we ask for you to reach out to us so we can make it right",She Believed that She Could So She Did Oval Car Magnet 4x6 Inch,NO,2026-09-01T08:33:18.602Z
4-EXCLUDED_RULE_VIOLATION,B07772V946,"Magnet Me Up Dog Grandma and Dog Grandpa Combo Pack Bone Magnet Decal, 2x7 Inches, 2 Pack, Heavy Duty Automotive Magnet for Car, Truck, SUV, Mailboxes, or Any Other Magnetic Surface, Crafted in USA",197,Active,9.99,B-9,,"Dress up your space; we have a design for every personality. Whether you want to show pride for your country, make the driver behind you smile, or give an awesome gift, we have something for everyone | Crafted from strong and durable magnetic vinyl; this ensures that the magnet adheres securely to metal surfaces and will maintain its magnetic strength over time. Our magnets are waterproof and heat resistant, which makes them ideal for outdoor use. We make our magnets with UV-resistant inks so that they do not fade over time from sun exposure | Endless possibilities; our heavy-duty magnets are ideal for use on cars, trucks, SUVs, mailboxes, refrigerators, toolboxes, etc. Easily removable and reusable, you can proudly display this flexible magnet in a plethora of spaces. Please ensure that your surface is composed of steel rather than fiberglass, plastic, or aluminum. Magnets will not stick to non-metal surfaces | Endless possibilities; our heavy-duty magnets are ideal for use on cars, trucks, SUVs, mailboxes, refrigerators, toolboxes, etc. Easily removable and reusable, you can proudly display this flexible magnet in a plethora of spaces. Please ensure that your surface is composed of steel rather than fiberglass, plastic, or aluminum. Magnets will not stick to non-metal surfaces | Crafted in the USA; we uphold our commitment to American craftsmanship by producing all our products in the USA","Dog Grandma and Dog Grandpa Bone Car Magnet 2x7 Inch 2 Pack, Dog Lover Gift",NO,2026-09-01T08:33:18.602Z
5-EXCLUDED_NO_SKU_MATCH,B0DNKLQXS4,"Custom Die Cut Car Magnet, Personalized Any Size, Upload Image and Text",71,Active,13.99,CDIEC-4,,"🧲 𝗖𝘂𝘀𝘁𝗼𝗺 𝗥𝗼𝘂𝗻𝗱 𝗖𝗮𝗿 𝗠𝗮𝗴𝗻𝗲𝘁 – Personalize Your Ride! Upload your image, add text, and create a unique die-cut magnet for your car, truck, or SUV. Perfect for businesses, special events, and personal expression. | 🧲 𝗛𝗲𝗮𝘃𝘆-𝗗𝘂𝘁𝘆 𝗠𝗮𝗴𝗻𝗲𝘁𝗶𝗰 𝗩𝗶𝗻𝘆𝗹: Made from durable 30 mil magnetic vinyl, this strong vehicle magnet provides a secure hold on cars, trucks, vans, SUVs, and other steel surfaces. | 🧲 𝗪𝗲𝗮𝘁𝗵𝗲𝗿𝗽𝗿𝗼𝗼𝗳 & 𝗨𝗩-Resistant: Printed with high-quality UV-resistant inks, this fade-proof, waterproof magnet withstands rain, heat, snow, and sun exposure, making it ideal for outdoor use. | 🧲 𝗩𝗲𝗿𝘀𝗮𝘁𝗶𝗹𝗲 & 𝗥𝗲𝗺𝗼𝘃𝗮𝗯𝗹𝗲: Great for custom business magnets, political campaign signs, real estate marketing, fridge magnets, mailboxes, and more—sticks firmly but removes cleanly without damage. This custom car magnet adheres only to magnetically receptive surfaces and will not stick to plastic, fiberglass, aluminum, or other non-metal materials. | 🇺🇸 𝗠𝗮𝗱𝗲 𝗶𝗻 𝘁𝗵𝗲 𝗨𝗦𝗔 – Proudly crafted in the USA from start to finish using premium materials. Designed for durability and high quality, with rapid processing for swift arrival. Have questions or concerns? We're happy to help!","Custom Die Cut Car Magnet, Upload Logo, Made in USA",NO,2026-09-01T08:33:18.602Z
5-EXCLUDED_NO_SKU_MATCH,B0DPR9FJVL,"Custom Pet Photo Magnet, Die Cut for Fridge or Locker, Upload a Photo",69,Active,13.99,CDIEC-7,B0DBX2TVQN,"Create your own magnet design with a personal touch; select your preferred text, font size, and images to highlight your ideas for personal or business purposes. Personalize your car or any magnetic surface at home. It can be used for a variety of purposes, including expressing yourself by adding messages and characters to your design | Customize your vehicle or home with this good-quality personalized magnet made from our most durable magnetic vinyl. Ideal for trucks, lockers, mailboxes, refrigerators, and more, this versatile magnet is built to last. It is waterproof and heat-resistant, making it ideal for outdoor use. Printed with UV-resistant inks, it remains fade-resistant. Our magnets are non-reflective, ensuring they blend seamlessly with any surface. 𝐍𝐨𝐭𝐞: 𝐄𝐧𝐬𝐮𝐫𝐞 𝐲𝐨𝐮𝐫 𝐬𝐮𝐫𝐟𝐚𝐜𝐞 𝐢𝐬 𝐦𝐚𝐝𝐞 𝐨𝐟 𝐬𝐭𝐞𝐞𝐥. 𝐓𝐡𝐢𝐬 𝐦𝐚𝐠𝐧𝐞𝐭 𝐰𝐢𝐥𝐥 𝐧𝐨𝐭 𝐚𝐝𝐡𝐞𝐫𝐞 𝐭𝐨 𝐟𝐢𝐛𝐞𝐫𝐠𝐥𝐚𝐬𝐬, 𝐩𝐥𝐚𝐬𝐭𝐢𝐜, 𝐚𝐥𝐮𝐦𝐢𝐧𝐮𝐦, 𝐨𝐫 𝐚𝐧𝐲 𝐨𝐭𝐡𝐞𝐫 𝐧𝐨𝐧-𝐦𝐞𝐭𝐚𝐥 𝐬𝐮𝐫𝐟𝐚𝐜𝐞𝐬. | Choose your size; choose your magnet standard size from the dropdown menu to achieve the exact look you desire for your vehicle. Available sizes: 10x3 Inch (1 count, 5 pack) 8x3 Inch (1 count, 5 pack), 5 Inch Round (1 count, 5pack, 25,50, 100 pcs), 6 inch Round (1 count, 5 pack), 5 Inch Pawprint (1 count, 5 pack), 4x6 Inches Oval (1 count, 5 pack),3.5x2 (25 pcs), 3.5x2 (50 pcs), 3.5x2 (100 pcs), 2x7 dog bone (1 count, 5 pack) | High-resolution digital printing; this magnet is made of durable and long-lasting 30 mil thick magnetic vinyl. It has a very strong adhesive backing and will adhere to any magnetic surface, making it ideal for most applications. High-resolution digital printing is a sophisticated technique that employs cutting-edge inkjet technology. As a result, you get a vibrant, colorful finish that is not only simple to apply but also looks great on your vehicle. | Care and instructions; clean the surface thoroughly with a damp cloth and non-abrasive cleanser. Ensure the surface is fully dry place the magnet on the desired surface. This automotive magnet is removable and reusable.","Custom Photo Magnet, Die-cut, Add Photo & Text, Made in USA",NO,2026-09-01T08:33:18.602Z
5-EXCLUDED_NO_SKU_MATCH,B0DHDD8T65,"Magnet Me Up Custom Ribbon Magnet Decal, 7x3.5 Inches, Customizable Decal for Businesses, Personal Use, Choose Your Text, Magnetic Vinyl for Car, Truck, and Lockers, Bumper Magnet, Crafted in USA",195,Active,13.99,CRIBBON-1,,"𝗖𝘂𝘀𝘁𝗼𝗺 𝗿𝗶𝗯𝗯𝗼𝗻 𝗺𝗮𝗴𝗻𝗲𝘁; personalize your ribbon magnet with your choice of text, colors, and design to support causes, awareness campaigns, or personal messages. Show your support or promote your cause in a unique and lasting way with our custom ribbon car magnets. | Customize your vehicle or home with this good-quality personalized magnet made from our most durable magnetic vinyl. Ideal for trucks, lockers, mailboxes, refrigerators, and more, this versatile magnet is built to last. It is waterproof and heat-resistant, making it ideal for outdoor use. Printed with UV-resistant inks, it remains fade-resistant. Our magnets are non-reflective, ensuring they blend seamlessly with any surface. 𝐍𝐨𝐭𝐞: 𝐄𝐧𝐬𝐮𝐫𝐞 𝐲𝐨𝐮𝐫 𝐬𝐮𝐫𝐟𝐚𝐜𝐞 𝐢𝐬 𝐦𝐚𝐝𝐞 𝐨𝐟 𝐬𝐭𝐞𝐞𝐥. 𝐓𝐡𝐢𝐬 𝐦𝐚𝐠𝐧𝐞𝐭 𝐰𝐢𝐥𝐥 𝐧𝐨𝐭 𝐚𝐝𝐡𝐞𝐫𝐞 𝐭𝐨 𝐟𝐢𝐛𝐞𝐫𝐠𝐥𝐚𝐬𝐬, 𝐩𝐥𝐚𝐬𝐭𝐢𝐜, 𝐚𝐥𝐮𝐦𝐢𝐧𝐮𝐦, 𝐨𝐫 𝐚𝐧𝐲 𝐨𝐭𝐡𝐞𝐫 𝐧𝐨𝐧-𝐦𝐞𝐭𝐚𝐥 𝐬𝐮𝐫𝐟𝐚𝐜𝐞𝐬. | Available magnet size and shapes size; choose your magnet size to achieve the exact look you desire for your vehicle. Available sizes: 10x3 Inch rectangle (1 count, 5 pack) 8x3 Inch rectangle (1 count, 5 pack), 5 Inch Round (1 count, 5pack, 25,50, 100 pcs), 6 inch Round (1 count, 5 pack), 5 Inch Pawprint (1 count, 5 pack), 4x6 Inches Oval (1 count, 5 pack, 25, 50, 100 pcs),3.5x2 (25, 50, 100 pcs), 2x7 dog bone (1 count, 5 pack) | High-resolution digital printing; this magnet is made of durable and long-lasting 30 mil thick magnetic vinyl. It has a very strong adhesive backing and will adhere to any magnetic surface, making it ideal for most applications. High-resolution digital printing is a sophisticated technique that employs cutting-edge inkjet technology. As a result, you get a vibrant, colorful finish that is not only simple to apply but also looks great on your vehicle. | 𝗖𝗮𝗿𝗲 𝗮𝗻𝗱 𝗶𝗻𝘀𝘁𝗿𝘂𝗰𝘁𝗶𝗼𝗻𝘀; clean the surface thoroughly with a damp cloth and non-abrasive cleanser. Ensure the surface is fully dry place the magnet on the desired surface. This automotive magnet is removable and reusable.","Custom Ribbon Car Magnet 7x3.5 Inch, Made in USA",NO,2026-09-01T08:33:18.602Z
5-EXCLUDED_NO_SKU_MATCH,B0CQ5XRC1S,"Custom Bone Car Magnet, Personalized Advertising, Your Text and Image",69,Active,9.99,CBONE,B0DBX2TVQN,"Create your own magnet design with a personal touch; select your preferred text, font size, and images to highlight your ideas for personal or business purposes. Personalize your car or any magnetic surface at home. It can be used for a variety of purposes, including expressing yourself by adding messages and characters to your design | Customize your vehicle or home with this good-quality personalized magnet made from our most durable magnetic vinyl. Ideal for trucks, lockers, mailboxes, refrigerators, and more, this versatile magnet is built to last. It is waterproof and heat-resistant, making it ideal for outdoor use. Printed with UV-resistant inks, it remains fade-resistant. Our magnets are non-reflective, ensuring they blend seamlessly with any surface. 𝐍𝐨𝐭𝐞: 𝐄𝐧𝐬𝐮𝐫𝐞 𝐲𝐨𝐮𝐫 𝐬𝐮𝐫𝐟𝐚𝐜𝐞 𝐢𝐬 𝐦𝐚𝐝𝐞 𝐨𝐟 𝐬𝐭𝐞𝐞𝐥. 𝐓𝐡𝐢𝐬 𝐦𝐚𝐠𝐧𝐞𝐭 𝐰𝐢𝐥𝐥 𝐧𝐨𝐭 𝐚𝐝𝐡𝐞𝐫𝐞 𝐭𝐨 𝐟𝐢𝐛𝐞𝐫𝐠𝐥𝐚𝐬𝐬, 𝐩𝐥𝐚𝐬𝐭𝐢𝐜, 𝐚𝐥𝐮𝐦𝐢𝐧𝐮𝐦, 𝐨𝐫 𝐚𝐧𝐲 𝐨𝐭𝐡𝐞𝐫 𝐧𝐨𝐧-𝐦𝐞𝐭𝐚𝐥 𝐬𝐮𝐫𝐟𝐚𝐜𝐞𝐬. | Choose your size; choose your magnet standard size from the dropdown menu to achieve the exact look you desire for your vehicle. Available sizes: 10x3 Inch (1 count, 5 pack) 8x3 Inch (1 count, 5 pack), 5 Inch Round (1 count, 5pack, 25,50, 100 pcs), 6 inch Round (1 count, 5 pack), 5 Inch Pawprint (1 count, 5 pack), 4x6 Inches Oval (1 count, 5 pack),3.5x2 (25 pcs), 3.5x2 (50 pcs), 3.5x2 (100 pcs), 2x7 dog bone (1 count, 5 pack) | High-resolution digital printing; this magnet is made of durable and long-lasting 30 mil thick magnetic vinyl. It has a very strong adhesive backing and will adhere to any magnetic surface, making it ideal for most applications. High-resolution digital printing is a sophisticated technique that employs cutting-edge inkjet technology. As a result, you get a vibrant, colorful finish that is not only simple to apply but also looks great on your vehicle. | Care and instructions; clean the surface thoroughly with a damp cloth and non-abrasive cleanser. Ensure the surface is fully dry place the magnet on the desired surface. This automotive magnet is removable and reusable.","Customizable with Text Bone Magnet, 2x7 Inch",NO,2026-09-01T08:33:18.602Z
5-EXCLUDED_NO_SKU_MATCH,B0DPRBRK9N,"Magnet Me Up Custom Pet Photo Magnet- Upload Your Cat or Dog Image- Personalized Die-Cut, Full-Color UV Printing, Durable Vinyl, Made in the USA, Keepsake Gift, Crafted in USA",175,Active,13.99,CDIEC-6,B0DBX2TVQN,"🧲 Create your own magnet design with a personal touch; select your preferred text, font size, and images to highlight your ideas for personal or business purposes. Personalize your car or any magnetic surface at home. It can be used for a variety of purposes, including expressing yourself by adding messages and characters to your design | 🧲 Customize your vehicle or home with this good-quality personalized magnet made from our most durable magnetic vinyl. Ideal for trucks, lockers, mailboxes, refrigerators, and more, this versatile magnet is built to last. It is waterproof and heat-resistant, making it ideal for outdoor use. Printed with UV-resistant inks, it remains fade-resistant. Our magnets are non-reflective, ensuring they blend seamlessly with any surface. 𝐍𝐨𝐭𝐞: 𝐄𝐧𝐬𝐮𝐫𝐞 𝐲𝐨𝐮𝐫 𝐬𝐮𝐫𝐟𝐚𝐜𝐞 𝐢𝐬 𝐦𝐚𝐝𝐞 𝐨𝐟 𝐬𝐭𝐞𝐞𝐥. 𝐓𝐡𝐢𝐬 𝐦𝐚𝐠𝐧𝐞𝐭 𝐰𝐢𝐥𝐥 𝐧𝐨𝐭 𝐚𝐝𝐡𝐞𝐫𝐞 𝐭𝐨 𝐟𝐢𝐛𝐞𝐫𝐠𝐥𝐚𝐬𝐬, 𝐩𝐥𝐚𝐬𝐭𝐢𝐜, 𝐚𝐥𝐮𝐦𝐢𝐧𝐮𝐦, 𝐨𝐫 𝐚𝐧𝐲 𝐨𝐭𝐡𝐞𝐫 𝐧𝐨𝐧-𝐦𝐞𝐭𝐚𝐥 𝐬𝐮𝐫𝐟𝐚𝐜𝐞𝐬. | 🧲 Choose your size; choose your magnet standard size from the dropdown menu to achieve the exact look you desire for your vehicle. Available sizes: 10x3 Inch (1 count, 5 pack) 8x3 Inch (1 count, 5 pack), 5 Inch Round (1 count, 5pack, 25,50, 100 pcs), 6 inch Round (1 count, 5 pack), 5 Inch Pawprint (1 count, 5 pack), 4x6 Inches Oval (1 count, 5 pack),3.5x2 (25 pcs), 3.5x2 (50 pcs), 3.5x2 (100 pcs), 2x7 dog bone (1 count, 5 pack) | 🧲 High-resolution digital printing; this magnet is made of durable and long-lasting 30 mil thick magnetic vinyl. It has a very strong adhesive backing and will adhere to any magnetic surface, making it ideal for most applications. High-resolution digital printing is a sophisticated technique that employs cutting-edge inkjet technology. As a result, you get a vibrant, colorful finish that is not only simple to apply but also looks great on your vehicle. | 🧲 Care and instructions; clean the surface thoroughly with a damp cloth and non-abrasive cleanser. Ensure the surface is fully dry place the magnet on the desired surface. This automotive magnet is removable and reusable.","Custom Pet Die-cut Magnet, Add Photo & Text, Made in USA",NO,2026-09-01T08:33:18.602Z
5-EXCLUDED_NO_SKU_MATCH,B0D4RBRHV1,"Custom Magnetic Name Tag Badge 1.5x3 Inch, Logo Left, Full Color",64,Active,9.99,NB-1,B0D8WM1RJ5,"𝗨𝗻𝗹𝗼𝗰𝗸 𝘁𝗵𝗲 𝗽𝗼𝘄𝗲𝗿 𝗼𝗳 𝗺𝗮𝗴𝗻𝗲𝘁𝗶𝗰 𝗽𝗲𝗿𝘀𝗼𝗻𝗮𝗹𝗶𝘇𝗮𝘁𝗶𝗼𝗻 𝘄𝗶𝘁𝗵 𝗼𝘂𝗿 𝗽𝗲𝗿𝘀𝗼𝗻𝗮𝗹𝗶𝘇𝗲𝗱 𝗺𝗮𝗴𝗻𝗲𝘁𝗶𝗰 𝗻𝗮𝗺𝗲 𝘁𝗮𝗴𝘀. Each custom name badge can be tailored with your name and logo for a professional look that reflects your brand identity. | 𝗘𝗻𝗷𝗼𝘆 𝘁𝗵𝗲 𝗰𝗼𝗻𝘃𝗲𝗻𝗶𝗲𝗻𝗰𝗲 𝗮𝗻𝗱 𝘀𝘁𝘆𝗹𝗲 𝗼𝗳 𝗼𝘂𝗿 𝗺𝗮𝗴𝗻𝗲𝘁𝗶𝗰 𝗻𝗮𝗺𝗲 𝗽𝗹𝗮𝘁𝗲 𝗱𝗲𝘀𝗶𝗴𝗻- easily attach and detach your badge without leaving marks, making it perfect for daily use. | 𝗢𝘂𝗿 𝗻𝗮𝗺𝗲 𝘁𝗮𝗴𝘀 𝗼𝗳𝗳𝗲𝗿 𝗲𝘅𝘁𝗲𝗻𝘀𝗶𝘃𝗲 𝗰𝘂𝘀𝘁𝗼𝗺𝗶𝘇𝗮𝘁𝗶𝗼𝗻 𝗼𝗽𝘁𝗶𝗼𝗻𝘀, including font style, size, and color, ensuring your custom name badge stands out at any event. You can upload your logo or image to be used as well! | 𝗜𝗱𝗲𝗮𝗹 𝗳𝗼𝗿 𝗯𝘂𝘀𝗶𝗻𝗲𝘀𝘀𝗲𝘀, 𝗰𝗼𝗻𝗳𝗲𝗿𝗲𝗻𝗰𝗲𝘀, 𝗲𝘃𝗲𝗻𝘁𝘀, 𝗮𝗻𝗱 𝗿𝗲𝘁𝗮𝗶𝗹 𝘀𝘁𝗼𝗿𝗲𝘀, these identification badges provide a polished and professional appearance for every team member. | 𝗖𝗿𝗮𝗳𝘁𝗲𝗱 𝗶𝗻 𝘁𝗵𝗲 𝗨𝗦𝗔; we uphold our commitment to American craftsmanship by producing all our products in the USA.","Custom Printed Magnetic Name Tag Name 1.5x3 Inch, Logo Left",NO,2026-09-01T08:33:18.602Z
5-EXCLUDED_NO_SKU_MATCH,B0CPT86SSN,"Magnet Me Up You've Been Ducked Cute Vehicle Duck Magnets, Ducking Game, 4 Pack, 4x4 Inch, Blue Yellow Pink Green, Heavy Duty Automotive Magnet for Car Truck SUV Funny Joke Prank",178,Active,11.99,M-172,B0CPT723GV,"Dive into the ultimate quack-tastic adventure with ducking magnets; get in the game that spreads joy wherever it goes. Our duck magnets are ideal for use on any jeep owner or anyone who wants to acknowledge an awesome ride when they see one | Crafted from strong and durable magnetic vinyl; this ensures that the magnet adheres securely to metal surfaces and will maintain its magnetic strength over time. Our magnets are waterproof and heat resistant, which makes them ideal for outdoor use. We make our magnets with UV-resistant inks so that they do not fade over time from sun exposure | Endless possibilities; our heavy-duty magnets are ideal for use on cars, trucks, SUVs, mailboxes, refrigerators, toolboxes, etc. Easily removable and reusable, you can proudly display this flexible magnet in a plethora of spaces. Please ensure that your surface is composed of steel rather than fiberglass, plastic, or aluminum. Magnets will not stick to non-metal surfaces | Crafted in the USA; we uphold our commitment to American craftsmanship by producing all our products in the USA | Quality and satisfaction assurance; we manufacture our magnets to meet high standards. If you experience anything less than perfection, we ask for you to reach out to us so we can make it right","You've Been Ducked Cute Vehicle Duck Car Magnet 4x4 Inch 4 Pack, Funny Gift",NO,2026-09-01T08:33:18.602Z
5-EXCLUDED_NO_SKU_MATCH,B09QLJX68D,"Magnet Me Up Support Esophageal and Stomach Cancer Awareness Periwinkle Ribbon Magnet Decal, Automotive Magnet for Car Truck SUV, Any Magnetic Surface, Showing Support or Fundraising, Crafted in USA",198,Active,7.99,R-56AM,B0H425NKYL,"Dress up your space; We have a design for every personality. Whether you want to show pride for your country, make the driver behind you smile, or give a great gift - we have something for everyone. | High quality material; Our magnets are made from strong and durable magnetic vinyl. This ensures that the magnet adheres securely to metal surfaces and will maintain its magnetic strength over time. Our magnets are waterproof and heat resistant, which makes them perfect for outdoor use. We make our magnets with UV-resistant inks so that they do not fade over time from sun exposure. | Endless possibilities; Our heavy-duty magnets are perfect for cars, trucks, SUVs, mailboxes, refrigerators, toolboxes, etc. Easily removable and reusable, you can proudly display this flexible magnet in a plethora of spaces. Please ensure that your surface is composed of steel rather than fiberglass, plastic, or aluminum. Magnets will not stick to non-metal surfaces. | Made in the USA; All of our products are proudly made in the USA. | Quality and satisfaction assurance; at Magnet Me Up we manufacture our magnets to the highest standards. If you experience anything less than perfection, we ask for you to reach out to us so we can make it right.","Support Esophageal and Stomach Cancer Awareness Ribbon Magnet, 3.5x7 Inch",NO,2026-09-01T08:33:18.602Z
5-EXCLUDED_NO_SKU_MATCH,B0H3M6PQ8F,"Magnet Me Up Kelly Green Gallbladder CRibbon Magnet Decal, 3.5x7 Inches Heavy Duty Automotive Magnet for Car Truck SUV",118,Incomplete,,RKELLYG-P,,"𝗛𝗼𝗻𝗼𝗿 𝗰𝗼𝘂𝗿𝗮𝗴𝗲, 𝗿𝗲𝘀𝗶𝗹𝗶𝗲𝗻𝗰𝗲, 𝗮𝗻𝗱 𝗿𝗲𝗰𝗼𝘃𝗲𝗿𝘆 𝘄𝗶𝘁𝗵 𝘁𝗵𝗶𝘀 𝗚𝗮𝗹𝗹𝗯𝗹𝗮𝗱𝗱𝗲𝗿 𝗖𝗮𝗻𝗰𝗲𝗿 𝗦𝘂𝗿𝘃𝗶𝘃𝗼𝗿 Kelly Green Ribbon magnet decal set. Designed to celebrate survivor strength and inspire hope, this automotive magnet is perfect for cars, trucks, SUVs, refrigerators, lockers, and other magnetic surfaces. | 🧲 𝗖𝗿𝗮𝗳𝘁𝗲𝗱 𝗳𝗿𝗼𝗺 𝘀𝘁𝗿𝗼𝗻𝗴 𝗮𝗻𝗱 𝗱𝘂𝗿𝗮𝗯𝗹𝗲 𝗺𝗮𝗴𝗻𝗲𝘁𝗶𝗰 𝘃𝗶𝗻𝘆𝗹; this ensures that the magnet bumper sticker adheres securely to metal surfaces and will maintain its magnetic strength over time. Our magnets are waterproof and heat resistant, ideal for outdoor use. Full-color UV printing gives lasting visibility and prevents fading from sun exposure. | 🧲 𝗘𝗻𝗱𝗹𝗲𝘀𝘀 𝗽𝗼𝘀𝘀𝗶𝗯𝗶𝗹𝗶𝘁𝗶𝗲𝘀; our heavy-duty magnets are ideal for use on cars, trucks, SUVs, mailboxes, refrigerators, toolboxes, and more. Easily removable and reusable, you can proudly display this flexible magnet bumper sticker in a plethora of spaces.𝙋𝙡𝙚𝙖𝙨𝙚 𝙚𝙣𝙨𝙪𝙧𝙚 𝙮𝙤𝙪𝙧 𝙫𝙚𝙝𝙞𝙘𝙡𝙚𝙨 𝙨𝙪𝙧𝙛𝙖𝙘𝙚 𝙞𝙨 𝙢𝙖𝙙𝙚 𝙛𝙧𝙤𝙢 𝙨𝙩𝙚𝙚𝙡, 𝙖𝙨 𝙢𝙖𝙜𝙣𝙚𝙩𝙨 𝙬𝙞𝙡𝙡 𝙣𝙤𝙩 𝙨𝙩𝙞𝙘𝙠 𝙩𝙤 𝙣𝙤𝙣-𝙢𝙚𝙩𝙖𝙡 𝙨𝙪𝙧𝙛𝙖𝙘𝙚𝙨. | 🧲 𝗖𝗿𝗮𝗳𝘁𝗲𝗱 𝗶𝗻 𝘁𝗵𝗲 𝗨𝗦𝗔; we uphold our commitment to American craftsmanship by producing all our products in the USA | 🧲 𝗤𝘂𝗮𝗹𝗶𝘁𝘆 𝗮𝗻𝗱 𝘀𝗮𝘁𝗶𝘀𝗳𝗮𝗰𝘁𝗶𝗼𝗻 𝗮𝘀𝘀𝘂𝗿𝗮𝗻𝗰𝗲; we manufacture our magnets to meet high standards. If you experience anything less than perfection, we ask for you to reach out to us so we can make it right","Kelly Green Gallbladder Ribbon Car Magnet 3.5x7 Inch, Cancer Awareness",NO,2026-06-04T07:50:49.021Z
5-EXCLUDED_NO_SKU_MATCH,B0H34QRLXS,"Magnet Me Up All Cancer Ribbon Magnet Decal, 3.5x7 Inches Heavy Duty Automotive Magnet for Car Truck SUV",104,Incomplete,,RLAVENDER-P,,"𝗗𝗶𝘀𝗽𝗹𝗮𝘆 𝗰𝗼𝗺𝗽𝗮𝘀𝘀𝗶𝗼𝗻, 𝘀𝘁𝗿𝗲𝗻𝗴𝘁𝗵, 𝗮𝗻𝗱 𝘂𝗻𝗶𝘁𝘆 𝘄𝗶𝘁𝗵 𝘁𝗵𝗶𝘀 𝗹𝗮𝘃𝗲𝗻𝗱𝗲𝗿 𝗿𝗶𝗯𝗯𝗼𝗻 car magnet decal designed to support all cancer fighters, survivors, caregivers, and loved ones. A meaningful way to spread hope and awareness wherever life takes you. | 🧲 𝗖𝗿𝗮𝗳𝘁𝗲𝗱 𝗳𝗿𝗼𝗺 𝘀𝘁𝗿𝗼𝗻𝗴 𝗮𝗻𝗱 𝗱𝘂𝗿𝗮𝗯𝗹𝗲 𝗺𝗮𝗴𝗻𝗲𝘁𝗶𝗰 𝘃𝗶𝗻𝘆𝗹; this ensures that the magnet bumper sticker adheres securely to metal surfaces and will maintain its magnetic strength over time. Our magnets are waterproof and heat resistant, ideal for outdoor use. Full-color UV printing gives lasting visibility and prevents fading from sun exposure. | 🧲 𝗘𝗻𝗱𝗹𝗲𝘀𝘀 𝗽𝗼𝘀𝘀𝗶𝗯𝗶𝗹𝗶𝘁𝗶𝗲𝘀; our heavy-duty magnets are ideal for use on cars, trucks, SUVs, mailboxes, refrigerators, toolboxes, and more. Easily removable and reusable, you can proudly display this flexible magnet bumper sticker in a plethora of spaces.𝙋𝙡𝙚𝙖𝙨𝙚 𝙚𝙣𝙨𝙪𝙧𝙚 𝙮𝙤𝙪𝙧 𝙫𝙚𝙝𝙞𝙘𝙡𝙚𝙨 𝙨𝙪𝙧𝙛𝙖𝙘𝙚 𝙞𝙨 𝙢𝙖𝙙𝙚 𝙛𝙧𝙤𝙢 𝙨𝙩𝙚𝙚𝙡, 𝙖𝙨 𝙢𝙖𝙜𝙣𝙚𝙩𝙨 𝙬𝙞𝙡𝙡 𝙣𝙤𝙩 𝙨𝙩𝙞𝙘𝙠 𝙩𝙤 𝙣𝙤𝙣-𝙢𝙚𝙩𝙖𝙡 𝙨𝙪𝙧𝙛𝙖𝙘𝙚𝙨. | 🧲 𝗖𝗿𝗮𝗳𝘁𝗲𝗱 𝗶𝗻 𝘁𝗵𝗲 𝗨𝗦𝗔; we uphold our commitment to American craftsmanship by producing all our products in the USA | 🧲 𝗤𝘂𝗮𝗹𝗶𝘁𝘆 𝗮𝗻𝗱 𝘀𝗮𝘁𝗶𝘀𝗳𝗮𝗰𝘁𝗶𝗼𝗻 𝗮𝘀𝘀𝘂𝗿𝗮𝗻𝗰𝗲; we manufacture our magnets to meet high standards. If you experience anything less than perfection, we ask for you to reach out to us so we can make it right","All Cancer Ribbon Car Magnet 3.5x7 Inch, Awareness",NO,2026-06-04T07:50:49.021Z
5-EXCLUDED_NO_SKU_MATCH,B076PQMFR9,"Support Brain Cancer Awareness Grey Ribbon Car Magnet Decal, Made in USA",72,Active,8.99,R-10,B0H42KCM6F,"Dress up your space; We have a design for every personality. Whether you want to show pride for your country, make the driver behind you smile, or give a great gift - we have something for everyone. | High quality material; Our magnets are made from strong and durable magnetic vinyl. This ensures that the magnet adheres securely to metal surfaces and will maintain its magnetic strength over time. Our magnets are waterproof and heat resistant, which makes them perfect for outdoor use. We make our magnets with UV-resistant inks so that they do not fade over time from sun exposure. | Endless possibilities; Our heavy-duty magnets are perfect for cars, trucks, SUVs, mailboxes, refrigerators, toolboxes, etc. Easily removable and reusable, you can proudly display this flexible magnet in a plethora of spaces. Please ensure that your surface is composed of steel rather than fiberglass, plastic, or aluminum. Magnets will not stick to non-metal surfaces. | Made in the USA; All of our products are proudly made in the USA. | Quality and satisfaction assurance; At Magnet Me Up we manufacture our magnets to the highest standards. If you experience anything less than perfection, we ask for you to reach out to us so we can make it right.","Grey Brain Cancer Ribbon Car Magnet 3.5x7 Inch, Awareness",NO,2026-09-01T08:33:18.602Z
5-EXCLUDED_NO_SKU_MATCH,B076PR8DKP,"Magnet Me Up Support Liver Cancer Awareness Green Ribbon Magnet Decal, 3.5x7 Inches, Heavy Duty Automotive Magnet for Truck SUV, Any Magnetic Surface, Showing Support or Fundraising, Crafted in USA",197,Active,8.99,R-11,B0H42BG6MM,"Dress up your space; We have a design for every personality. Whether you want to show pride for your country, make the driver behind you smile, or give a great gift - we have something for everyone. | High quality material; Our magnets are made from strong and durable magnetic vinyl. This ensures that the magnet adheres securely to metal surfaces and will maintain its magnetic strength over time. Our magnets are waterproof and heat resistant, which makes them perfect for outdoor use. We make our magnets with UV-resistant inks so that they do not fade over time from sun exposure. | Endless possibilities; Our heavy-duty magnets are perfect for cars, trucks, SUVs, mailboxes, refrigerators, toolboxes, etc. Easily removable and reusable, you can proudly display this flexible magnet in a plethora of spaces. Please ensure that your surface is composed of steel rather than fiberglass, plastic, or aluminum. Magnets will not stick to non-metal surfaces. | Made in the USA; All of our products are proudly made in the USA. | Quality and satisfaction assurance; At Magnet Me Up we manufacture our magnets to the highest standards. If you experience anything less than perfection, we ask for you to reach out to us so we can make it right.",Green Liver Cancer Awareness Ribbon Car Magnet 3.5x7 Inch,NO,2026-09-01T08:33:18.602Z
5-EXCLUDED_NO_SKU_MATCH,B076PQG9GL,Support Non Hodgkins Lymphoma Cancer Awareness Lime Ribbon Car Magnet Decal,75,Active,8.99,R-8,B0H4HMDJ2J,"Dress up your space; We have a design for every personality. Whether you want to show pride for your country, make the driver behind you smile, or give a great gift - we have something for everyone. | High quality material; Our magnets are made from strong and durable magnetic vinyl. This ensures that the magnet adheres securely to metal surfaces and will maintain its magnetic strength over time. Our magnets are waterproof and heat resistant, which makes them perfect for outdoor use. We make our magnets with UV-resistant inks so that they do not fade over time from sun exposure. | Endless possibilities; Our heavy-duty magnets are perfect for cars, trucks, SUVs, mailboxes, refrigerators, toolboxes, etc. Easily removable and reusable, you can proudly display this flexible magnet in a plethora of spaces. Please ensure that your surface is composed of steel rather than fiberglass, plastic, or aluminum. Magnets will not stick to non-metal surfaces. | Made in the USA; All of our products are proudly made in the USA. | Quality and satisfaction assurance; At Magnet Me Up we manufacture our magnets to the highest standards. If you experience anything less than perfection, we ask for you to reach out to us so we can make it right.","Lime Lymphoma Cancer Awareness Ribbon Magnet Decal, 3.5x7 inches",NO,2026-09-01T08:33:18.602Z
5-EXCLUDED_NO_SKU_MATCH,B076PPDB8R,Support Leukemia and Kidney Cancer Awareness Orange Ribbon Car Magnet Decal,75,Active,8.99,R-7,B0H4HGQW6N,"Dress up your space; We have a design for every personality. Whether you want to show pride for your country, make the driver behind you smile, or give a great gift - we have something for everyone. | High quality material; Our magnets are made from strong and durable magnetic vinyl. This ensures that the magnet adheres securely to metal surfaces and will maintain its magnetic strength over time. Our magnets are waterproof and heat resistant, which makes them perfect for outdoor use. We make our magnets with UV-resistant inks so that they do not fade over time from sun exposure. | Endless possibilities; Our heavy-duty magnets are perfect for cars, trucks, SUVs, mailboxes, refrigerators, toolboxes, etc. Easily removable and reusable, you can proudly display this flexible magnet in a plethora of spaces. Please ensure that your surface is composed of steel rather than fiberglass, plastic, or aluminum. Magnets will not stick to non-metal surfaces. | Made in the USA; All of our products are proudly made in the USA. | Quality and satisfaction assurance; At Magnet Me Up we manufacture our magnets to the highest standards. If you experience anything less than perfection, we ask for you to reach out to us so we can make it right.","Orange Leukemia and Kidney Cancer Awareness Ribbon Magnet, 3.5 x7 Inches",NO,2026-09-01T08:33:18.602Z
5-EXCLUDED_NO_SKU_MATCH,B076PM1C6B,"Magnet Me Up Support Cervical and Ovarian Cancer Awareness Teal Ribbon Magnet Decal, 3.5x7 Inches, Heavy Duty Automotive Magnet for Car Truck SUV, Any Magnetic Surface, Gift Idea, Crafted in USA",194,Active,8.99,R-4,B0H46NP1DR,"Dress up your space; We have a design for every personality. Whether you want to show pride for your country, make the driver behind you smile, or give a great gift - we have something for everyone. | High quality material; Our magnets are made from strong and durable magnetic vinyl. This ensures that the magnet adheres securely to metal surfaces and will maintain its magnetic strength over time. Our magnets are waterproof and heat resistant, which makes them perfect for outdoor use. We make our magnets with UV-resistant inks so that they do not fade over time from sun exposure. | Endless possibilities; Our heavy-duty magnets are perfect for cars, trucks, SUVs, mailboxes, refrigerators, toolboxes, etc. Easily removable and reusable, you can proudly display this flexible magnet in a plethora of spaces. Please ensure that your surface is composed of steel rather than fiberglass, plastic, or aluminum. Magnets will not stick to non-metal surfaces. | Made in the USA; All of our products are proudly made in the USA. | Quality and satisfaction assurance; At Magnet Me Up we manufacture our magnets to the highest standards. If you experience anything less than perfection, we ask for you to reach out to us so we can make it right.","Teal Cervical and Ovarian Awareness Ribbon Magnet Decal, 3.5 Inches",NO,2026-09-01T08:33:18.602Z
5-EXCLUDED_NO_SKU_MATCH,B076PP4PFX,"Magnet Me Up Support Uterine Cancer Awareness Peach Ribbon Magnet Decal, 3.5x7 Inches Heavy Duty Automotive Magnet for Car Truck SUV, any Magnetic Surface, Inspirational Gift for Women, Crafted in USA",200,Active,8.99,R-6,B0H46KG9N9,"Dress up your space; We have a design for every personality. Whether you want to show pride for your country, make the driver behind you smile, or give a great gift - we have something for everyone. | High quality material; Our magnets are made from strong and durable magnetic vinyl. This ensures that the magnet adheres securely to metal surfaces and will maintain its magnetic strength over time. Our magnets are waterproof and heat resistant, which makes them perfect for outdoor use. We make our magnets with UV-resistant inks so that they do not fade over time from sun exposure. | Endless possibilities; Our heavy-duty magnets are perfect for cars, trucks, SUVs, mailboxes, refrigerators, toolboxes, etc. Easily removable and reusable, you can proudly display this flexible magnet in a plethora of spaces. Please ensure that your surface is composed of steel rather than fiberglass, plastic, or aluminum. Magnets will not stick to non-metal surfaces. | Made in the USA; All of our products are proudly made in the USA. | Quality and satisfaction assurance; At Magnet Me Up we manufacture our magnets to the highest standards. If you experience anything less than perfection, we ask for you to reach out to us so we can make it right.","Peach Uterine Awareness Ribbon Magnet Decal, 3.5x7 Inches",NO,2026-09-01T08:33:18.602Z
5-EXCLUDED_NO_SKU_MATCH,B076PQHYJS,"Magnet Me Up Support Pancreatic and Leiomyosarcoma Cancer Awareness Purple Ribbon Magnet Decal, 3.5x7 Inches, Heavy Duty Automotive Magnet for car Truck SUV",156,Active,8.99,R-5,B0H46CTR57,"DRESS UP YOUR SPACE - We have a design for every personality! Whether you want to show pride for your country, make the driver behind you smile, or give a great gift - we have something for everyone! | HIGH QUALITY MATERIAL - Our magnets are made from strong and durable magnetic vinyl. This ensures that the magnet adheres securely to metal surfaces and will maintain its magnetic strength over time. Our magnets are waterproof and heat resistant, which makes them perfect for outdoor use. We make our magnets with UV-resistant inks so that they do not fade over time from sun exposure. | ENDLESS POSSIBILITIES - Our heavy-duty magnets are perfect for cars, trucks, SUVs, mailboxes, refrigerators, toolboxes, etc. Easily removable and reusable, you can proudly display this flexible magnet in a plethora of spaces! Please ensure that your surface is composed of steel rather than fiberglass, plastic, or aluminum. Magnets will not stick to non-metal surfaces. | MADE IN THE USA - All of our products are proudly made in the USA. | QUALTY AND SATISFACTION ASSURANCE – At Magnet Me Up we manufacture our magnets to the highest standards. If you experience anything less than perfection, we ask for you to reach out to us so we can make it right!","Purple Pancreatic and Leiomyosarcoma Cancer Ribbon Magnet, 3.5x7 Inches",NO,2026-09-01T08:33:18.602Z
5-EXCLUDED_NO_SKU_MATCH,B076PK14C1,"Support Lung Cancer Awareness White Ribbon Car Magnet Decal, Made in USA",72,Active,8.99,R-3,B0H46Q4KZV,"DRESS UP YOUR SPACE - We have a design for every personality! Whether you want to show pride for your country, make the driver behind you smile, or give a great gift - we have something for everyone! | HIGH QUALITY MATERIAL - Our magnets are made from strong and durable magnetic vinyl. This ensures that the magnet adheres securely to metal surfaces and will maintain its magnetic strength over time. Our magnets are waterproof and heat resistant, which makes them perfect for outdoor use. We make our magnets with UV-resistant inks so that they do not fade over time from sun exposure. | ENDLESS POSSIBILITIES - Our heavy-duty magnets are perfect for cars, trucks, SUVs, mailboxes, refrigerators, toolboxes, etc. Easily removable and reusable, you can proudly display this flexible magnet in a plethora of spaces! Please ensure that your surface is composed of steel rather than fiberglass, plastic, or aluminum. Magnets will not stick to non-metal surfaces. | MADE IN THE USA - All of our products are proudly made in the USA. | QUALTY AND SATISFACTION ASSURANCE – At Magnet Me Up we manufacture our magnets to the highest standards. If you experience anything less than perfection, we ask for you to reach out to us so we can make it right!","White Lung Cancer Awareness Ribbon Magnet Decal, 3.5 x 7 Inches",NO,2026-09-01T08:33:18.602Z
5-EXCLUDED_NO_SKU_MATCH,B076PMH2TC,"Support Colon Cancer Awareness Blue Ribbon Car Magnet Decal, Made in USA",72,Active,8.99,R-14,B0H46WHLB8,"Dress up your space; We have a design for every personality. Whether you want to show pride for your country, make the driver behind you smile, or give a great gift - we have something for everyone. | High quality material; Our magnets are made from strong and durable magnetic vinyl. This ensures that the magnet adheres securely to metal surfaces and will maintain its magnetic strength over time. Our magnets are waterproof and heat resistant, which makes them perfect for outdoor use. We make our magnets with UV-resistant inks so that they do not fade over time from sun exposure. | Endless possibilities; Our heavy-duty magnets are perfect for cars, trucks, SUVs, mailboxes, refrigerators, toolboxes, etc. Easily removable and reusable, you can proudly display this flexible magnet in a plethora of spaces. Please ensure that your surface is composed of steel rather than fiberglass, plastic, or aluminum. Magnets will not stick to non-metal surfaces. | Made in the USA; All of our products are proudly made in the USA. | Quality and satisfaction assurance; At Magnet Me Up we manufacture our magnets to the highest standards. If you experience anything less than perfection, we ask for you to reach out to us so we can make it right.","Blue Colon Cancer Awareness Ribbon Magnet Decal, 3.5x7 Inches",NO,2026-09-01T08:33:18.602Z
5-EXCLUDED_NO_SKU_MATCH,B0H2FHC7N3,"Magnet Me Up Support Hodgkins Lymphoma and Testicular Cancer Fighter Violet Ribbon Magnet Decal, 3.5x7 Inches, 2 Pack Automotive Magnet for Car Truck SUV, Gift of Empathy, Encourage, Crafted in USA",197,Active,10.99,R-118,B0H46XBF4X,"𝗗𝗶𝘀𝗽𝗹𝗮𝘆 𝗰𝗼𝗺𝗽𝗮𝘀𝘀𝗶𝗼𝗻 𝗮𝗻𝗱 𝗲𝗻𝗰𝗼𝘂𝗿𝗮𝗴𝗲𝗺𝗲𝗻𝘁 𝘄𝗶𝘁𝗵 𝘁𝗵𝗶𝘀 𝘃𝗶𝗼𝗹𝗲𝘁 𝗿𝗶𝗯𝗯𝗼𝗻 𝗺𝗮𝗴𝗻𝗲𝘁 𝗱𝗲𝗰𝗮𝗹, supporting Hodgkin’s lymphoma and testicular cancer fighters, survivors, caregivers, and loved ones. A meaningful way to spread hope, strength, and awareness on your vehicle or any compatible magnetic surface. | 🧲 𝗖𝗿𝗮𝗳𝘁𝗲𝗱 𝗳𝗿𝗼𝗺 𝘀𝘁𝗿𝗼𝗻𝗴 𝗮𝗻𝗱 𝗱𝘂𝗿𝗮𝗯𝗹𝗲 𝗺𝗮𝗴𝗻𝗲𝘁𝗶𝗰 𝘃𝗶𝗻𝘆𝗹; this ensures that the magnet bumper sticker adheres securely to metal surfaces and will maintain its magnetic strength over time. Our magnets are waterproof and heat resistant, ideal for outdoor use. Full-color UV printing gives lasting visibility and prevents fading from sun exposure. | 🧲 𝗘𝗻𝗱𝗹𝗲𝘀𝘀 𝗽𝗼𝘀𝘀𝗶𝗯𝗶𝗹𝗶𝘁𝗶𝗲𝘀; our heavy-duty magnets are ideal for use on cars, trucks, SUVs, mailboxes, refrigerators, toolboxes, and more. Easily removable and reusable, you can proudly display this flexible magnet bumper sticker in a plethora of spaces.𝙋𝙡𝙚𝙖𝙨𝙚 𝙚𝙣𝙨𝙪𝙧𝙚 𝙮𝙤𝙪𝙧 𝙫𝙚𝙝𝙞𝙘𝙡𝙚𝙨 𝙨𝙪𝙧𝙛𝙖𝙘𝙚 𝙞𝙨 𝙢𝙖𝙙𝙚 𝙛𝙧𝙤𝙢 𝙨𝙩𝙚𝙚𝙡, 𝙖𝙨 𝙢𝙖𝙜𝙣𝙚𝙩𝙨 𝙬𝙞𝙡𝙡 𝙣𝙤𝙩 𝙨𝙩𝙞𝙘𝙠 𝙩𝙤 𝙣𝙤𝙣-𝙢𝙚𝙩𝙖𝙡 𝙨𝙪𝙧𝙛𝙖𝙘𝙚𝙨. | 🧲 𝗖𝗿𝗮𝗳𝘁𝗲𝗱 𝗶𝗻 𝘁𝗵𝗲 𝗨𝗦𝗔; we uphold our commitment to American craftsmanship by producing all our products in the USA | 🧲 𝗤𝘂𝗮𝗹𝗶𝘁𝘆 𝗮𝗻𝗱 𝘀𝗮𝘁𝗶𝘀𝗳𝗮𝗰𝘁𝗶𝗼𝗻 𝗮𝘀𝘀𝘂𝗿𝗮𝗻𝗰𝗲; we manufacture our magnets to meet high standards. If you experience anything less than perfection, we ask for you to reach out to us so we can make it right","Hodgkin's Lymphoma and Testicular Cancer Awareness Ribbon Magnet, 3.5""x7""",NO,2026-09-01T08:33:18.602Z
5-EXCLUDED_NO_SKU_MATCH,B076PMFCP3,Support Breast Cancer Awareness Month Pink Ribbon Car Magnet Decal,66,Active,8.99,R-1,B0H4MK34CG,"Dress up your space; We have a design for every personality. Whether you want to show pride for your country, make the driver behind you smile, or give a great gift - we have something for everyone. | High quality material; Our magnets are made from strong and durable magnetic vinyl. This ensures that the magnet adheres securely to metal surfaces and will maintain its magnetic strength over time. Our magnets are waterproof and heat resistant, which makes them perfect for outdoor use. We make our magnets with UV-resistant inks so that they do not fade over time from sun exposure. | Endless possibilities; Our heavy-duty magnets are perfect for cars, trucks, SUVs, mailboxes, refrigerators, toolboxes, etc. Easily removable and reusable, you can proudly display this flexible magnet in a plethora of spaces. Please ensure that your surface is composed of steel rather than fiberglass, plastic, or aluminum. Magnets will not stick to non-metal surfaces. | Made in the USA; All of our products are proudly made in the USA. | Quality and satisfaction assurance; At Magnet Me Up we manufacture our magnets to the highest standards. If you experience anything less than perfection, we ask for you to reach out to us so we can make it right.","Pink Breast Cancer Awareness Ribbon Car Magnet Decal, 3.5 x 7 Inches",NO,2026-09-01T08:33:18.602Z
5-EXCLUDED_NO_SKU_MATCH,B076PVMW4K,"Magnet Me Up Support Melanoma Cancer Awareness Black Ribbon Magnet Decal, 3.5x7 Inches, Automotive Magnet for Car Truck SUV, Any Magnetic Surface, Showing Support or Fundraising, Crafted in USA",193,Active,8.99,R-15,B0H476S7SN,"Dress up your space; We have a design for every personality. Whether you want to show pride for your country, make the driver behind you smile, or give a great gift - we have something for everyone. | High quality material; Our magnets are made from strong and durable magnetic vinyl. This ensures that the magnet adheres securely to metal surfaces and will maintain its magnetic strength over time. Our magnets are waterproof and heat resistant, which makes them perfect for outdoor use. We make our magnets with UV-resistant inks so that they do not fade over time from sun exposure. | Endless possibilities; Our heavy-duty magnets are perfect for cars, trucks, SUVs, mailboxes, refrigerators, toolboxes, etc. Easily removable and reusable, you can proudly display this flexible magnet in a plethora of spaces. Please ensure that your surface is composed of steel rather than fiberglass, plastic, or aluminum. Magnets will not stick to non-metal surfaces. | Made in the USA; All of our products are proudly made in the USA. | Quality and satisfaction assurance; At Magnet Me Up we manufacture our magnets to the highest standards. If you experience anything less than perfection, we ask for you to reach out to us so we can make it right.","Black Melanoma Cancer Awareness Ribbon Magnet Decal, 3.5x7 Inches",NO,2026-09-01T08:33:18.602Z
5-EXCLUDED_NO_SKU_MATCH,B076PP75D7,"Magnet Me Up Support Bladder Cancer Awareness Yellow Ribbon Magnet Decal, 3.5x7 Inches, Heavy Duty Automotive Magnet for Car Truck SUV, Any Magnetic Surface, Great Gift Idea, Crafted in USA",189,Active,8.99,R-2,B0H46Z5VHB,"Dress up your space; We have a design for every personality. Whether you want to show pride for your country, make the driver behind you smile, or give a great gift - we have something for everyone. | High quality material; Our magnets are made from strong and durable magnetic vinyl. This ensures that the magnet adheres securely to metal surfaces and will maintain its magnetic strength over time. Our magnets are waterproof and heat resistant, which makes them perfect for outdoor use. We make our magnets with UV-resistant inks so that they do not fade over time from sun exposure. | Endless possibilities; Our heavy-duty magnets are perfect for cars, trucks, SUVs, mailboxes, refrigerators, toolboxes, etc. Easily removable and reusable, you can proudly display this flexible magnet in a plethora of spaces. Please ensure that your surface is composed of steel rather than fiberglass, plastic, or aluminum. Magnets will not stick to non-metal surfaces. | Made in the USA; All of our products are proudly made in the USA. | Quality and satisfaction assurance; At Magnet Me Up we manufacture our magnets to the highest standards. If you experience anything less than perfection, we ask for you to reach out to us so we can make it right.","Yellow Bladder Cancer Awareness Ribbon Magnet Decal, 3.5 x 7 Inches",NO,2026-09-01T08:33:18.602Z
5-EXCLUDED_NO_SKU_MATCH,B076PPKHX9,"Magnet Me Up Support Prostate Cancer Awareness Aqua Ribbon Magnet Decal, 3.5x7 Inches, Heavy Duty Automotive Magnet for Car Truck SUV, Any Magnetic Surface, Inspirational Gift for Men, Crafted in USA",199,Active,8.99,R-16,B0H46XJBWX,"Dress up your space; We have a design for every personality. Whether you want to show pride for your country, make the driver behind you smile, or give a great gift - we have something for everyone. | High quality material; Our magnets are made from strong and durable magnetic vinyl. This ensures that the magnet adheres securely to metal surfaces and will maintain its magnetic strength over time. Our magnets are waterproof and heat resistant, which makes them perfect for outdoor use. We make our magnets with UV-resistant inks so that they do not fade over time from sun exposure. | Endless possibilities; Our heavy-duty magnets are perfect for cars, trucks, SUVs, mailboxes, refrigerators, toolboxes, etc. Easily removable and reusable, you can proudly display this flexible magnet in a plethora of spaces. Please ensure that your surface is composed of steel rather than fiberglass, plastic, or aluminum. Magnets will not stick to non-metal surfaces. | Made in the USA; All of our products are proudly made in the USA. | Quality and satisfaction assurance; At Magnet Me Up we manufacture our magnets to the highest standards. If you experience anything less than perfection, we ask for you to reach out to us so we can make it right.","Aqua Prostate Cancer Awareness Ribbon Magnet Decal, 3.5x7 In",NO,2026-09-01T08:33:18.602Z
5-EXCLUDED_NO_SKU_MATCH,B0G6GDGW17,"Magnet Me Up Funny Magnetic Decal for Cars, Trucks & SUV Full-Color UV Printed Accessories for Fridge & Locker",110,Incomplete,,HUMDRIVER-P,,"🧲 𝗕𝗼𝗹𝗱 𝟱"" 𝗥𝗼𝘂𝗻𝗱 𝗖𝗮𝗿 𝗠𝗮𝗴𝗻𝗲𝘁: This funny car magnet features a vibrant “I Choose Violence Frog” design printed in full color for eye-catching visibility. A great magnetic decal for cars, fridges, toolboxes, and more. | 🧲 𝗠𝗮𝗱𝗲 𝗳𝗿𝗼𝗺 𝘀𝘁𝗿𝗼𝗻𝗴 𝗮𝗻𝗱 𝗱𝘂𝗿𝗮𝗯𝗹𝗲 𝗺𝗮𝗴𝗻𝗲𝘁𝗶𝗰 𝘃𝗶𝗻𝘆𝗹; this ensures that the magnet adheres securely to metal surfaces and will maintain its magnetic strength over time. Our magnets are waterproof and heat resistant, which makes them ideal for outdoor use. We make our magnets with UV-resistant inks so that they do not fade over time from sun exposure. | 🧲 𝗘𝗻𝗱𝗹𝗲𝘀𝘀 𝗽𝗼𝘀𝘀𝗶𝗯𝗶𝗹𝗶𝘁𝗶𝗲𝘀; our heavy-duty magnets are ideal for use on cars, trucks, SUVs, mailboxes, refrigerators, toolboxes, etc. Easily removable and reusable, you can proudly display this flexible magnet in a plethora of spaces. Please ensure that your surface is composed of steel rather than fiberglass, plastic, or aluminum. Magnets will not stick to non-metal surfaces. | 🧲 𝗖𝗿𝗮𝗳𝘁𝗲𝗱 𝗶𝗻 𝘁𝗵𝗲 𝗨𝗦𝗔; we uphold our commitment to American craftsmanship by producing all our products in the USA. | 🧲 𝗤𝘂𝗮𝗹𝗶𝘁𝘆 𝗮𝗻𝗱 𝘀𝗮𝘁𝗶𝘀𝗳𝗮𝗰𝘁𝗶𝗼𝗻 𝗮𝘀𝘀𝘂𝗿𝗮𝗻𝗰𝗲; we manufacture our magnets to meet high standards. If you experience anything less than perfection, we ask that you to reach out to us so we can make the right whiteboard accessories.","Funny Locker Magnet, Funny Gift",NO,2026-06-17T07:58:48.863Z
5-EXCLUDED_NO_SKU_MATCH,B0BMJHHM68,"Magnet Me Up Emoticon Magnet Decal, 5 Inch, Cute Decorative Self-Expression Magnet f",84,Incomplete,,EM-FACEP,,,Emoticon Magnet 5 Inch,NO,2026-07-09T07:40:02.694Z
5-EXCLUDED_NO_SKU_MATCH,B0DSQ9S86T,"Magnet Me Up Custom Sports Magnetic Decal, Customizable Team Name, Bumper Magnet",80,Incomplete,,C-SPORTS,,,Custom Sports Car Magnet,NO,2026-05-28T07:58:49.765Z
5-EXCLUDED_NO_SKU_MATCH,B0CVSF79VC,"Magnet Me Up New Driver Magnet Decal, Heavy Duty Automotive Magnet for Car Truck SUV",84,Incomplete,,M-DRIVER2P,,,"New Driver Car Magnet, Funny Student Driver",NO,2026-06-17T07:58:48.863Z
5-EXCLUDED_NO_SKU_MATCH,B09QRN9PRH,"Magnet Me Up Support Head and Neck Cancer Fighter Burgundy and Ivory Ribbon Magnet Decal, 3.5x7 Inches, Automotive Magnet for Car Truck SUV, Gift of Empathy, Encourage Bravery, Crafted in USA",191,Active,8.99,R-63,B0H4HF8FGL,"Dress up your space; We have a design for every personality. Whether you want to show pride for your country, make the driver behind you smile, or give a great gift - we have something for everyone. | High quality material; Our magnets are made from strong and durable magnetic vinyl. This ensures that the magnet adheres securely to metal surfaces and will maintain its magnetic strength over time. Our magnets are waterproof and heat resistant, which makes them perfect for outdoor use. We make our magnets with UV-resistant inks so that they do not fade over time from sun exposure. | Endless possibilities; Our heavy-duty magnets are perfect for cars, trucks, SUVs, mailboxes, refrigerators, toolboxes, etc. Easily removable and reusable, you can proudly display this flexible magnet in a plethora of spaces. Please ensure that your surface is composed of steel rather than fiberglass, plastic, or aluminum. Magnets will not stick to non-metal surfaces. | Made in the USA; All of our products are proudly made in the USA. | Quality and satisfaction assurance; At Magnet Me Up we manufacture our magnets to the highest standards. If you experience anything less than perfection, we ask for you to reach out to us so we can make it right.","Head and Neck Cancer Fighter Ribbon Magnet Decal, 3.5x7 Inches",NO,2026-09-01T08:33:18.602Z
5-EXCLUDED_NO_SKU_MATCH,B0D94RGB4Q,"Magnet Me Up Customizable Magnet Pack, Oval or Round, Advertising, Personal Use, Gifts, Choose Your Text",104,Incomplete,,C-OVALROUND,,"Create your own magnet design with a personal touch; select your preferred text, font size, and images to highlight your ideas for personal or business purposes. You can also upload images to personalize your car or any magnetic surface at home. It can be used for a variety of purposes, including expressing yourself by adding messages and characters to your design | Customize your vehicle or home with this good-quality personalized magnet made from our most durable magnetic vinyl. Ideal for trucks, lockers, mailboxes, refrigerators, and more, this versatile magnet is built to last. It is waterproof and heat-resistant, making it ideal for outdoor use. Printed with UV-resistant inks, it remains fade-resistant. Our magnets are non-reflective, ensuring they blend seamlessly with any surface. 𝐍𝐨𝐭𝐞: 𝐄𝐧𝐬𝐮𝐫𝐞 𝐲𝐨𝐮𝐫 𝐬𝐮𝐫𝐟𝐚𝐜𝐞 𝐢𝐬 𝐦𝐚𝐝𝐞 𝐨𝐟 𝐬𝐭𝐞𝐞𝐥. 𝐓𝐡𝐢𝐬 𝐦𝐚𝐠𝐧𝐞𝐭 𝐰𝐢𝐥𝐥 𝐧𝐨𝐭 𝐚𝐝𝐡𝐞𝐫𝐞 𝐭𝐨 𝐟𝐢𝐛𝐞𝐫𝐠𝐥𝐚𝐬𝐬, 𝐩𝐥𝐚𝐬𝐭𝐢𝐜, 𝐚𝐥𝐮𝐦𝐢𝐧𝐮𝐦, 𝐨𝐫 𝐚𝐧𝐲 𝐨𝐭𝐡𝐞𝐫 𝐧𝐨𝐧-𝐦𝐞𝐭𝐚𝐥 𝐬𝐮𝐫𝐟𝐚𝐜𝐞𝐬. | Choose your size; choose your magnet standard size from the dropdown menu to achieve the exact look you desire for your vehicle. Available sizes: 10x3 Inch (1 count) 8x3 Inch (1 count), 5 Inch Round (1 count, 25,50, 100 pcs), 6 inch Round (1 count), 5 Inch Pawprint (1 count), 4x6 Inches Oval (1 count),3.5x2 (25 pcs), 3.5x2 (50 pcs), 3.5x2 (100 pcs), 2x7 dog bone | High-resolution digital printing; this magnet is made of durable and long-lasting 30 mil thick magnetic vinyl. It has a very strong adhesive backing and will adhere to any magnetic surface, making it ideal for most applications. High-resolution digital printing is a sophisticated technique that employs cutting-edge inkjet technology. As a result, you get a vibrant, colorful finish that is not only simple to apply but also looks great on your vehicle. | Care and instructions; clean the surface thoroughly with a damp cloth and non-abrasive cleanser. Ensure the surface is fully dry place the magnet on the desired surface. This automotive magnet is removable and reusable.",Customizable Magnet,NO,2026-07-14T07:50:23.230Z
5-EXCLUDED_NO_SKU_MATCH,B0DM2MWYMQ,"Magnet Me Up Custom Photo Refrigerator Magnet Decal with Text Option, Upload Your Family Photo and Memories (4x5 Hanukkah)",122,Active,9.99,C45POL-HAN2,B0G6GDHVVQ,"🧲 Create personalized moments; upload your images to design custom magnets for any magnetic surface. Ideal for gifting. | 🧲 Versatile and durable; made from high-quality magnetic vinyl, our custom magnets stick to refrigerators, lockers, and more. They're waterproof, heat-resistant, and even suitable for outdoor use. | 🧲 Special event ready; use our customizable magnets for save the dates, invites an so much more ensuring your loved ones never miss a gathering. Upload any photo or design to celebrate special occasions. | 🧲 Vibrant and resilient; our 4x6 and 5x7 Photo Magnet boasts high-resolution printing on 30 mil thick magnetic vinyl. UV-resistant inks ensure a fade-resistant, colorful finish. | 🧲 Gifts and decor; personalized magnets make excellent gifts, perfect for home decoration, lockers, name tags, and offices. Surprise your loved ones with cherished memories.",Custom 4x5 Inch Hanukkah Photo Refrigerator Magnet with Text Option,NO,2026-09-01T08:33:18.602Z
5-EXCLUDED_NO_SKU_MATCH,B0DPMPV47F,"Magnet Me Up Custom Photo Refrigerator Magnet Decal with Text Option, Upload Your Family Photo (1 Pack, 5x7 Christmas- Red Frame)",129,Active,13.99,C57CHRIS1,B0G6GDHVVQ,"🧲 Create personalized moments; upload your images to design custom magnets for any magnetic surface. Ideal for gifting. | 🧲 Versatile and durable; made from high-quality magnetic vinyl, our custom magnets stick to refrigerators, lockers, and more. They're waterproof, heat-resistant, and even suitable for outdoor use. | 🧲 Special event ready; use our customizable magnets for save the dates, invites an so much more ensuring your loved ones never miss a gathering. Upload any photo or design to celebrate special occasions. | 🧲 Vibrant and resilient; our 4x6 and 5x7 Photo Magnet boasts high-resolution printing on 30 mil thick magnetic vinyl. UV-resistant inks ensure a fade-resistant, colorful finish. | 🧲 Gifts and decor; personalized magnets make excellent gifts, perfect for home decoration, lockers, name tags, and offices. Surprise your loved ones with cherished memories.","Custom Christmas Red Photo Frame Refrigerator Magnet, Photo and text, 5""x7""",NO,2026-09-01T08:33:18.602Z
5-EXCLUDED_NO_SKU_MATCH,B0DJSDD6GJ,"Magnet Me Up Custom Halloween Photo Magnetic Decal, Witch Cauldron and Candle Holder, Spooky Halloween Magnet for Party, Fridge, Locker, Office Décor, Upload Image, Add Text, Crafted in USA",189,Active,9.99,C45POL-HAL2,B0G6GDHVVQ,"🧲 Create personalized moments; upload your images to design custom magnets for any magnetic surface. Ideal for gifting. | 🧲 Versatile and durable; made from high-quality magnetic vinyl, our custom magnets stick to refrigerators, lockers, and more. They're waterproof, heat-resistant, and even suitable for outdoor use. | 🧲 Special event ready; use our customizable magnets for save the dates, invites an so much more ensuring your loved ones never miss a gathering. Upload any photo or design to celebrate special occasions. | 🧲 Vibrant and resilient; our 4x6 and 5x7 Photo Magnet boasts high-resolution printing on 30 mil thick magnetic vinyl. UV-resistant inks ensure a fade-resistant, colorful finish. | 🧲 Gifts and decor; personalized magnets make excellent gifts, perfect for home decoration, lockers, name tags, and offices. Surprise your loved ones with cherished memories.","Custom Halloween Photo Magnet, 4x5 Inch Yellow Photo Frame, Photo and Text",NO,2026-09-01T08:33:18.602Z
5-EXCLUDED_NO_SKU_MATCH,B0DJSM2TPP,"Magnet Me Up Custom Halloween Photo Magnet Decal, Pumpkin, and Gravestone, Spooky Halloween for Party, Fridge, Locker, Office Décor, Upload Image, Add Text, Crafted in USA",171,Active,9.99,C45POL-HAL1,B0G6GDHVVQ,"🧲 Create personalized moments; upload your images to design custom magnets for any magnetic surface. Ideal for gifting. | 🧲 Versatile and durable; made from high-quality magnetic vinyl, our custom magnets stick to refrigerators, lockers, and more. They're waterproof, heat-resistant, and even suitable for outdoor use. | 🧲 Special event ready; use our customizable magnets for save the dates, invites an so much more ensuring your loved ones never miss a gathering. Upload any photo or design to celebrate special occasions. | 🧲 Vibrant and resilient; our 4x6 and 5x7 Photo Magnet boasts high-resolution printing on 30 mil thick magnetic vinyl. UV-resistant inks ensure a fade-resistant, colorful finish. | 🧲 Gifts and decor; personalized magnets make excellent gifts, perfect for home decoration, lockers, name tags, and offices. Surprise your loved ones with cherished memories.","Custom Halloween Photo Magnet, 4x5 Inch Purple Photo Frame, Photo and Text",NO,2026-09-01T08:33:18.602Z
5-EXCLUDED_NO_SKU_MATCH,B0DG3WT5YQ,"Magnet Me Up Rosh Hashanah Custom Magnet Decal, Personalized Photo Frame, 5x7 inch Rectangle, Magnetic Picture Frames for Fridge, Jewish New Year Custom Photo Souvenir Gifts, Crafted in USA",189,Active,13.99,C57ROSH,B0G6GDHVVQ,"🧲 Create personalized moments; upload your images to design custom magnets for any magnetic surface. Ideal for gifting. | 🧲 Versatile and durable; made from high-quality magnetic vinyl, our custom magnets stick to refrigerators, lockers, and more. They're waterproof, heat-resistant, and even suitable for outdoor use. | 🧲 Special event ready; use our customizable magnets for save the dates, invites an so much more ensuring your loved ones never miss a gathering. Upload any photo or design to celebrate special occasions. | 🧲 Vibrant and resilient; our 4x6 and 5x7 Photo Magnet boasts high-resolution printing on 30 mil thick magnetic vinyl. UV-resistant inks ensure a fade-resistant, colorful finish. | 🧲 Gifts and decor; personalized magnets make excellent gifts, perfect for home decoration, lockers, name tags, and offices. Surprise your loved ones with cherished memories.","Rosh Hashanah Photo Frame Custom Magnet, 5x7 inch, Upload Photo",NO,2026-09-01T08:33:18.602Z
5-EXCLUDED_NO_SKU_MATCH,B0CZPGCK4C,"Magnet Me Up Custom 4x6 Inch Rectangle Photo Refrigerator Customizable Magnet Decal with Text Option, 5 Pack, Upload Family Photo and Memories, Ideal Gift, Office Decoration, Crafted in USA",189,Active,39.99,C46R-5,B0F865MNKC,"Create your own magnet design with a personal touch; select your preferred text, font size, and images to highlight your ideas for personal or business purposes. You can also upload images to personalize your car or any magnetic surface at home. It can be used for a variety of purposes, including expressing yourself by adding messages and characters to your design | Customize your vehicle or home with this good-quality personalized magnet. Ideal for trucks, lockers, mailboxes, refrigerators, and more. It is waterproof and heat-resistant, making it ideal for outdoor use. 𝐍𝐨𝐭𝐞: 𝐄𝐧𝐬𝐮𝐫𝐞 𝐲𝐨𝐮𝐫 𝐬𝐮𝐫𝐟𝐚𝐜𝐞 𝐢𝐬 𝐦𝐚𝐝𝐞 𝐨𝐟 𝐬𝐭𝐞𝐞𝐥. 𝐓𝐡𝐢𝐬 𝐦𝐚𝐠𝐧𝐞𝐭 𝐰𝐢𝐥𝐥 𝐧𝐨𝐭 𝐚𝐝𝐡𝐞𝐫𝐞 𝐭𝐨 𝐟𝐢𝐛𝐞𝐫𝐠𝐥𝐚𝐬𝐬, 𝐩𝐥𝐚𝐬𝐭𝐢𝐜, 𝐚𝐥𝐮𝐦𝐢𝐧𝐮𝐦, 𝐨𝐫 𝐚𝐧𝐲 𝐨𝐭𝐡𝐞𝐫 𝐧𝐨𝐧-𝐦𝐞𝐭𝐚𝐥 𝐬𝐮𝐫𝐟𝐚𝐜𝐞𝐬. | Choose your size; choose your magnet standard size from the dropdown menu to achieve the exact look you desire for your vehicle. | High-resolution digital printing; this magnet is made of durable and long-lasting 30 mil thick magnetic vinyl. It has a very strong adhesive backing and will adhere to any magnetic surface, making it ideal for most applications. High-resolution digital printing is a sophisticated technique that employs cutting-edge inkjet technology. As a result, you get a vibrant, colorful finish that is not only simple to apply but also looks great on your vehicle. | Care and instructions; clean the surface thoroughly with a damp cloth and non-abrasive cleanser. Ensure the surface is fully dry place the magnet on the desired surface. This automotive magnet is removable and reusable.","Custom 4x6 Inch Rectangle Photo Refrigerator Magnet, 5 Pack, Photo & Text",NO,2026-09-01T08:33:18.602Z
5-EXCLUDED_NO_SKU_MATCH,B0BMH1NVKL,"Magnet Me Up Desantis 2024 Republican Party Magnet Decal, 4x6 Inch, Heavy Duty Automotive Magnet for Car Truck SUV Or Any Other Magnetic Surface",144,Active,8.99,E-62,B0C59M1WPV,"Dress up your space; we have a design for every personality. Whether you want to show pride for your country, make the driver behind you smile, or give an awesome gift, we have something for everyone | Crafted from strong and durable magnetic vinyl; this ensures that the magnet adheres securely to metal surfaces and will maintain its magnetic strength over time. Our magnets are waterproof and heat resistant, which makes them ideal for outdoor use. We make our magnets with UV-resistant inks so that they do not fade over time from sun exposure | Endless possibilities; our heavy-duty magnets are ideal for use on cars, trucks, SUVs, mailboxes, refrigerators, toolboxes, etc. Easily removable and reusable, you can proudly display this flexible magnet in a plethora of spaces. Please ensure that your surface is composed of steel rather than fiberglass, plastic, or aluminum. Magnets will not stick to non-metal surfaces | Crafted in the USA; we uphold our commitment to American craftsmanship by producing all our products in the USA | Quality and satisfaction assurance; we manufacture our magnets to meet high standards. If you experience anything less than perfection, we ask for you to reach out to us so we can make it right","DeSantis 2024 Republican Party Election Magnet Decal, 4x6 Inch",NO,2026-09-01T08:33:16.774Z
5-EXCLUDED_NO_SKU_MATCH,B0BKH6NVX8,"Magnet Me Up Poop Emoticon Magnet Decal, Cute Self-Expression Decorative Magnet for Car, Truck, SUV, Or Any Other Magnetic Surface",130,Active,8.99,EM-52,B0BMJTR7PX,"Dress up your space; we have a design for every personality. Whether you want to show pride for your country, make the driver behind you smile, or give an awesome gift, we have something for everyone | Crafted from strong and durable magnetic vinyl; this ensures that the magnet adheres securely to metal surfaces and will maintain its magnetic strength over time. Our magnets are waterproof and heat resistant, which makes them ideal for outdoor use. We make our magnets with UV-resistant inks so that they do not fade over time from sun exposure | Endless possibilities; our heavy-duty magnets are ideal for use on cars, trucks, SUVs, mailboxes, refrigerators, toolboxes, etc. Easily removable and reusable, you can proudly display this flexible magnet in a plethora of spaces. Please ensure that your surface is composed of steel rather than fiberglass, plastic, or aluminum. Magnets will not stick to non-metal surfaces | Crafted in the USA; we uphold our commitment to American craftsmanship by producing all our products in the USA | Quality and satisfaction assurance; we manufacture our magnets to meet high standards. If you experience anything less than perfection, we ask for you to reach out to us so we can make it right","Poop Emoticon Car Magnet, 5 Inch",NO,2026-09-01T08:33:18.602Z
5-EXCLUDED_NO_SKU_MATCH,B0CPT93RWN,"Magnet Me Up You've Been Ducked Cute Vehicle Duck Magnets, Ducking Game, 4 Pk, 4x4 in, Army Tie Dye Leopard Zebra, Heavy Duty Automotive Magnet for Car Truck SUV Funny Joke Prank",178,Active,11.99,M-173,B0CPT723GV,"Dive into the ultimate quack-tastic adventure with ducking magnets; get in the game that spreads joy wherever it goes. Our duck magnets are ideal for use for car or anyone who wants to acknowledge an awesome ride when they see one | Crafted from strong and durable magnetic vinyl; this ensures that the magnet adheres securely to metal surfaces and will maintain its magnetic strength over time. Our magnets are waterproof and heat resistant, which makes them ideal for outdoor use. We make our magnets with UV-resistant inks so that they do not fade over time from sun exposure | Endless possibilities; our heavy-duty magnets are ideal for use on cars, trucks, SUVs, mailboxes, refrigerators, toolboxes, etc. Easily removable and reusable, you can proudly display this flexible magnet in a plethora of spaces. Please ensure that your surface is composed of steel rather than fiberglass, plastic, or aluminum. Magnets will not stick to non-metal surfaces | Crafted in the USA; we uphold our commitment to American craftsmanship by producing all our products in the USA | Quality and satisfaction assurance; we manufacture our magnets to meet high standards. If you experience anything less than perfection, we ask for you to reach out to us so we can make it right","You've Been Ducked Cute Vehicle Duck Magnets, Ducking Game, 4 Pk, 4x4 in",NO,2026-09-01T08:33:18.602Z
5-EXCLUDED_NO_SKU_MATCH,B0DRZ386C1,"Magnet Me Up Customizable American Sign Language Fridge Magnet, 8x5 Inches, Blue, Add Logo, Custom ASL Educational and Decorative Sign Language Alphabet Magnet for Refrigerator, Crafted in USA",192,Active,9.99,CASL2,B0DRZ56Q36,"𝗜𝗻𝘁𝗿𝗼𝗱𝘂𝗰𝗲 𝗮 𝗺𝗲𝗮𝗻𝗶𝗻𝗴𝗳𝘂𝗹 𝗮𝗻𝗱 𝗲𝗱𝘂𝗰𝗮𝘁𝗶𝗼𝗻𝗮𝗹 𝗮𝗱𝗱𝗶𝘁𝗶𝗼𝗻 𝘁𝗼 𝘆𝗼𝘂𝗿 𝘀𝗽𝗮𝗰𝗲; this refrigerator magnet is ideal for promoting inclusivity, learning, and awareness. Whether used as a teaching aid or a decorative accent, it serves as a thoughtful nod to the beauty of sign language and the Deaf community. | 𝗘𝗮𝘀𝘆-𝘁𝗼-𝘂𝘀𝗲 𝗼𝗻𝗹𝗶𝗻𝗲 𝗰𝘂𝘀𝘁𝗼𝗺𝗶𝘇𝗮𝘁𝗶𝗼𝗻 𝘁𝗼𝗼𝗹; designing your photo magnet is a breeze with our user-friendly online tool. Add a personal touch with our customization options- simply upload your favorite photo and add desired text. | 𝗩𝗶𝘃𝗶𝗱, 𝗵𝗶𝗴𝗵-𝗿𝗲𝘀𝗼𝗹𝘂𝘁𝗶𝗼𝗻 𝗽𝗿𝗶𝗻𝘁𝗶𝗻𝗴; ensures your photos look stunning and detailed on each magnet. Unique gift for weddings, birthdays, and more. Great for home decor, decorating your fridge, locker, or any magnetic surface, adding a personal touch to your space. | 𝗖𝗿𝗮𝗳𝘁𝗲𝗱 𝗶𝗻 𝘁𝗵𝗲 𝗨𝗦𝗔; we uphold our commitment to American craftsmanship by producing all our products in the USA. | 𝗤𝘂𝗮𝗹𝗶𝘁𝘆 𝗮𝗻𝗱 𝘀𝗮𝘁𝗶𝘀𝗳𝗮𝗰𝘁𝗶𝗼𝗻 𝗮𝘀𝘀𝘂𝗿𝗮𝗻𝗰𝗲; we manufacture our magnets to meet high standards. If you experience anything less than perfection, we ask for you to reach out to us so we can make it right.","Customizable American Sign Language Fridge Magnet, 8x5 Inches, Add Logo",NO,2026-09-01T08:33:18.602Z
5-EXCLUDED_NO_SKU_MATCH,B0G357LQZY,"Custom Car Magnet Signs – 30 Mil Magnetic Vehicle Signs – Upload Your Logo & Text – Weatherproof Business Magnets for Cars, Trucks & Vans – Multiple Sizes – Made in USA",168,Incomplete,,C-RECTANGLEP,,"𝗖𝗿𝗲𝗮𝘁𝗲 𝘆𝗼𝘂𝗿 𝗼𝘄𝗻 𝗺𝗮𝗴𝗻𝗲𝘁 𝗱𝗲𝘀𝗶𝗴𝗻 𝘄𝗶𝘁𝗵 𝗮 𝗽𝗲𝗿𝘀𝗼𝗻𝗮𝗹 𝘁𝗼𝘂𝗰𝗵; select your preferred text, font size, and images to highlight your ideas for personal or business purposes. You can also upload images to personalize your car or any magnetic surface at home. It can be used for a variety of purposes, including expressing yourself by adding messages and characters to your design. | 𝗖𝘂𝘀𝘁𝗼𝗺𝗶𝘇𝗲 𝘆𝗼𝘂𝗿 𝘃𝗲𝗵𝗶𝗰𝗹𝗲 𝗼𝗿 𝗵𝗼𝗺𝗲 𝘄𝗶𝘁𝗵 𝘁𝗵𝗶𝘀 𝗴𝗿𝗲𝗮𝘁 𝗾𝘂𝗮𝗹𝗶𝘁𝘆 𝗽𝗲𝗿𝘀𝗼𝗻𝗮𝗹𝗶𝘇𝗲𝗱 𝗺𝗮𝗴𝗻𝗲𝘁 𝗺𝗮𝗱𝗲 𝗳𝗿𝗼𝗺 𝗼𝘂𝗿 𝗺𝗼𝘀𝘁 𝗱𝘂𝗿𝗮𝗯𝗹𝗲 𝗺𝗮𝗴𝗻𝗲𝘁𝗶𝗰 𝘃𝗶𝗻𝘆𝗹. Ideal for trucks, mailboxes, refrigerators, and more, this versatile magnet is built to last. It is waterproof and heat-resistant, making it ideal for outdoor use. Printed with UV-resistant inks, it remains fade-resistant. 𝐍𝐨𝐭𝐞: 𝐄𝐧𝐬𝐮𝐫𝐞 𝐲𝐨𝐮𝐫 𝐬𝐮𝐫𝐟𝐚𝐜𝐞 𝐢𝐬 𝐦𝐚𝐝𝐞 𝐨𝐟 𝐬𝐭𝐞𝐞𝐥. 𝐓𝐡𝐢𝐬 𝐦𝐚𝐠𝐧𝐞𝐭 𝐰𝐢𝐥𝐥 𝐧𝐨𝐭 𝐚𝐝𝐡𝐞𝐫𝐞 𝐭𝐨 𝐟𝐢𝐛𝐞𝐫𝐠𝐥𝐚𝐬𝐬, 𝐩𝐥𝐚𝐬𝐭𝐢𝐜, 𝐚𝐥𝐮𝐦𝐢𝐧𝐮𝐦, 𝐨𝐫 𝐚𝐧𝐲 𝐨𝐭𝐡𝐞𝐫 𝐧𝐨𝐧-𝐦𝐞𝐭𝐚𝐥 𝐬𝐮𝐫𝐟𝐚𝐜𝐞𝐬. | 𝗦𝗲𝗹𝗲𝗰𝘁 𝘆𝗼𝘂𝗿 𝗽𝗿𝗲𝗳𝗲𝗿𝗿𝗲𝗱 𝗺𝗮𝗴𝗻𝗲𝘁 𝘀𝗶𝘇𝗲 𝗳𝗿𝗼𝗺 𝘁𝗵𝗲 𝗱𝗿𝗼𝗽𝗱𝗼𝘄𝗻 𝗺𝗲𝗻𝘂 𝘁𝗼 𝗮𝗰𝗵𝗶𝗲𝘃𝗲 𝘁𝗵𝗲 𝗲𝘅𝗮𝗰𝘁 𝗹𝗼𝗼𝗸 𝗳𝗼𝗿 𝘆𝗼𝘂𝗿 𝘃𝗲𝗵𝗶𝗰𝗹𝗲. Available sizes include- 12”x24”, 12”x18”, 24”x36”, 18”x24”, 12x12”, 16”x22”, 18”, 12”. | 𝗛𝗶𝗴𝗵-𝗿𝗲𝘀𝗼𝗹𝘂𝘁𝗶𝗼𝗻 𝗱𝗶𝗴𝗶𝘁𝗮𝗹 𝗽𝗿𝗶𝗻𝘁𝗶𝗻𝗴; this magnet is made of durable and long-lasting 30 mil thick magnetic vinyl. It has a very strong magnetic backing and will adhere to any magnetic surface, making it ideal for most applications. High-resolution digital printing is a sophisticated technique that employs cutting-edge UV inkjet technology. As a result, you get a vibrant, colorful finish that is not only simple to apply but also looks great on your vehicle. | 𝗖𝗮𝗿𝗲 𝗮𝗻𝗱 𝗶𝗻𝘀𝘁𝗿𝘂𝗰𝘁𝗶𝗼𝗻𝘀; clean the surface thoroughly with a damp cloth and non-abrasive cleanser. Ensure the surface is fully dry, and place the magnet on the desired surface. This automotive magnet is removable and reusable.","Custom Car Magnet 30 Mil, Upload Logo, Made in USA",NO,2026-06-11T08:07:13.904Z
5-EXCLUDED_NO_SKU_MATCH,B09QRXXJ26,"Magnet Me Up Carcinoid Cancer Awareness Zebra Ribbon Magnet Decal, 3.5x7 Inches, Heavy Duty Automotive Magnet for Car Truck SUV, Any Magnetic Surface, Showing Support or Fundraising, Crafted in USA",197,Active,8.99,R-65,B0H4HNMMRN,"Dress up your space; We have a design for every personality. Whether you want to show pride for your country, make the driver behind you smile, or give a great gift - we have something for everyone. | High quality material; Our magnets are made from strong and durable magnetic vinyl. This ensures that the magnet adheres securely to metal surfaces and will maintain its magnetic strength over time. Our magnets are waterproof and heat resistant, which makes them perfect for outdoor use. We make our magnets with UV-resistant inks so that they do not fade over time from sun exposure. | Endless possibilities; Our heavy-duty magnets are perfect for cars, trucks, SUVs, mailboxes, refrigerators, toolboxes, etc. Easily removable and reusable, you can proudly display this flexible magnet in a plethora of spaces. Please ensure that your surface is composed of steel rather than fiberglass, plastic, or aluminum. Magnets will not stick to non-metal surfaces. | Made in the USA; All of our products are proudly made in the USA. | Quality and satisfaction assurance; at Magnet Me Up we manufacture our magnets to the highest standards. If you experience anything less than perfection, we ask for you to reach out to us so we can make it right.","Zebra Carcinoid Cancer Awareness Ribbon Magnet Decal, 3.5x7 Inches",NO,2026-09-01T08:33:18.602Z
5-EXCLUDED_NO_SKU_MATCH,B0G6GDCNL5,"Magnet Me Up Funny Car Magnet, Magnetic Decal for Cars, Trucks & SUV- Humor Sign for Cars, Magnet Accessories, Made in The USA",126,Incomplete,,FUNDRIVER-P,,"⭐ 𝗕𝗼𝗹𝗱 & 𝗙𝘂𝗻𝗻𝘆 𝗖𝗮𝗿 𝗠𝗮𝗴𝗻𝗲𝘁 𝗗𝗲𝘀𝗶𝗴𝗻: This eye-catching funny car magnet features a fierce raccoon illustration with the phrase “WARNING: Driver Is FERRAL,” perfect for drivers who love humor, chaos, and animal-themed personality on their car. | 🧲 𝗠𝗮𝗱𝗲 𝗳𝗿𝗼𝗺 𝘀𝘁𝗿𝗼𝗻𝗴 𝗮𝗻𝗱 𝗱𝘂𝗿𝗮𝗯𝗹𝗲 𝗺𝗮𝗴𝗻𝗲𝘁𝗶𝗰 𝘃𝗶𝗻𝘆𝗹; this ensures that the magnet adheres securely to metal surfaces and will maintain its magnetic strength over time. Our magnets are waterproof and heat resistant, which makes them ideal for outdoor use. We make our magnets with UV-resistant inks so that they do not fade over time from sun exposure. | 🧲 𝗘𝗻𝗱𝗹𝗲𝘀𝘀 𝗽𝗼𝘀𝘀𝗶𝗯𝗶𝗹𝗶𝘁𝗶𝗲𝘀; our heavy-duty magnets are ideal for use on cars, trucks, SUVs, mailboxes, refrigerators, toolboxes, etc. Easily removable and reusable, you can proudly display this flexible magnet in a plethora of spaces. Please ensure that your surface is composed of steel rather than fiberglass, plastic, or aluminum. Magnets will not stick to non-metal surfaces. | 🧲 𝗠𝗮𝗱𝗲 𝗶𝗻 𝘁𝗵𝗲 𝗨𝗦𝗔:; we uphold our commitment to American craftsmanship by producing all our products in the USA. | 🧲 𝗤𝘂𝗮𝗹𝗶𝘁𝘆 𝗮𝗻𝗱 𝘀𝗮𝘁𝗶𝘀𝗳𝗮𝗰𝘁𝗶𝗼𝗻 𝗮𝘀𝘀𝘂𝗿𝗮𝗻𝗰𝗲; we manufacture our magnets to meet high standards. If you experience anything less than perfection, we ask that you to reach out to us so we can make the right whiteboard accessories.","Funny Car Magnet, Funny Gift, Made in USA",NO,2026-06-17T07:58:48.863Z
5-EXCLUDED_NO_SKU_MATCH,B0DSGK7WQ2,"Magnet Me Up Custom 10x3 Inch Rectangle Magnet, 250 Pack, Customizable for Businesses, Personal Use, Choose Your Text, Upload Image, Magnetic Vinyl for Car and Any Magnetic Surface, Crafted in USA",196,Active,599.99,C10X3-250,B0F85Y7VBV,"Create your own magnet design with a personal touch; select your preferred text, font size, and images to highlight your ideas for personal or business purposes. You can also upload images to personalize your car or any magnetic surface at home. It can be used for a variety of purposes, including expressing yourself by adding messages and characters to your design | Customize your vehicle or home with this good-quality personalized magnet made from our most durable magnetic vinyl. Ideal for trucks, lockers, mailboxes, refrigerators, and more, this versatile magnet is built to last. It is waterproof and heat-resistant, making it ideal for outdoor use. Printed with UV-resistant inks, it remains fade-resistant. Our magnets are non-reflective, ensuring they blend seamlessly with any surface. 𝐍𝐨𝐭𝐞: 𝐄𝐧𝐬𝐮𝐫𝐞 𝐲𝐨𝐮𝐫 𝐬𝐮𝐫𝐟𝐚𝐜𝐞 𝐢𝐬 𝐦𝐚𝐝𝐞 𝐨𝐟 𝐬𝐭𝐞𝐞𝐥. 𝐓𝐡𝐢𝐬 𝐦𝐚𝐠𝐧𝐞𝐭 𝐰𝐢𝐥𝐥 𝐧𝐨𝐭 𝐚𝐝𝐡𝐞𝐫𝐞 𝐭𝐨 𝐟𝐢𝐛𝐞𝐫𝐠𝐥𝐚𝐬𝐬, 𝐩𝐥𝐚𝐬𝐭𝐢𝐜, 𝐚𝐥𝐮𝐦𝐢𝐧𝐮𝐦, 𝐨𝐫 𝐚𝐧𝐲 𝐨𝐭𝐡𝐞𝐫 𝐧𝐨𝐧-𝐦𝐞𝐭𝐚𝐥 𝐬𝐮𝐫𝐟𝐚𝐜𝐞𝐬. | Choose your size; choose your magnet standard size from the dropdown menu to achieve the exact look you desire for your vehicle. Available sizes: 10x3 Inch (1 count) 8x3 Inch (1 count), 5 Inch Round (1 count, 25,50, 100 pcs), 6 inch Round (1 count), 5 Inch Pawprint (1 count), 4x6 Inches Oval (1 count),3.5x2 (25 pcs), 3.5x2 (50 pcs), 3.5x2 (100 pcs), 2x7 dog bone | High-resolution digital printing; this magnet is made of durable and long-lasting 30 mil thick magnetic vinyl. It has a very strong adhesive backing and will adhere to any magnetic surface, making it ideal for most applications. High-resolution digital printing is a sophisticated technique that employs cutting-edge inkjet technology. As a result, you get a vibrant, colorful finish that is not only simple to apply but also looks great on your vehicle. | Care and instructions; clean the surface thoroughly with a damp cloth and non-abrasive cleanser. Ensure the surface is fully dry place the magnet on the desired surface. This automotive magnet is removable and reusable.","Custom Rectangle Car Magnet 10x3 Inch 250 Pack, Image and Text",NO,2026-09-01T08:29:27.228Z
5-EXCLUDED_NO_SKU_MATCH,B0DSGKTJ7V,"Magnet Me Up Custom 10x3 Inch Rectangle Magnet, 50 Pack, Customizable for Businesses, Personal Use, Choose Your Text, Upload Image, Magnetic Vinyl for Car and Any Magnetic Surface, Crafted in USA",195,Active,179.99,C10X3-50,B0F85Y7VBV,"Create your own magnet design with a personal touch; select your preferred text, font size, and images to highlight your ideas for personal or business purposes. You can also upload images to personalize your car or any magnetic surface at home. It can be used for a variety of purposes, including expressing yourself by adding messages and characters to your design | Customize your vehicle or home with this good-quality personalized magnet made from our most durable magnetic vinyl. Ideal for trucks, lockers, mailboxes, refrigerators, and more, this versatile magnet is built to last. It is waterproof and heat-resistant, making it ideal for outdoor use. Printed with UV-resistant inks, it remains fade-resistant. Our magnets are non-reflective, ensuring they blend seamlessly with any surface. 𝐍𝐨𝐭𝐞: 𝐄𝐧𝐬𝐮𝐫𝐞 𝐲𝐨𝐮𝐫 𝐬𝐮𝐫𝐟𝐚𝐜𝐞 𝐢𝐬 𝐦𝐚𝐝𝐞 𝐨𝐟 𝐬𝐭𝐞𝐞𝐥. 𝐓𝐡𝐢𝐬 𝐦𝐚𝐠𝐧𝐞𝐭 𝐰𝐢𝐥𝐥 𝐧𝐨𝐭 𝐚𝐝𝐡𝐞𝐫𝐞 𝐭𝐨 𝐟𝐢𝐛𝐞𝐫𝐠𝐥𝐚𝐬𝐬, 𝐩𝐥𝐚𝐬𝐭𝐢𝐜, 𝐚𝐥𝐮𝐦𝐢𝐧𝐮𝐦, 𝐨𝐫 𝐚𝐧𝐲 𝐨𝐭𝐡𝐞𝐫 𝐧𝐨𝐧-𝐦𝐞𝐭𝐚𝐥 𝐬𝐮𝐫𝐟𝐚𝐜𝐞𝐬. | Choose your size; choose your magnet standard size from the dropdown menu to achieve the exact look you desire for your vehicle. Available sizes: 10x3 Inch (1 count) 8x3 Inch (1 count), 5 Inch Round (1 count, 25,50, 100 pcs), 6 inch Round (1 count), 5 Inch Pawprint (1 count), 4x6 Inches Oval (1 count),3.5x2 (25 pcs), 3.5x2 (50 pcs), 3.5x2 (100 pcs), 2x7 dog bone | High-resolution digital printing; this magnet is made of durable and long-lasting 30 mil thick magnetic vinyl. It has a very strong adhesive backing and will adhere to any magnetic surface, making it ideal for most applications. High-resolution digital printing is a sophisticated technique that employs cutting-edge inkjet technology. As a result, you get a vibrant, colorful finish that is not only simple to apply but also looks great on your vehicle. | Care and instructions; clean the surface thoroughly with a damp cloth and non-abrasive cleanser. Ensure the surface is fully dry place the magnet on the desired surface. This automotive magnet is removable and reusable.","Custom Rectangle Car Magnet 10x3 Inch 50 Pack, Image and Text",NO,2026-09-01T08:29:28.954Z
5-EXCLUDED_NO_SKU_MATCH,B0CZM4L5T3,"Magnet Me Up Custom 10x3 Inch Rectangle Magnet, 5 Pack, Customizable for Businesses, Personal Use, Choose Your Text, Upload Image, Magnetic Vinyl for Car and Any Magnetic Surface, Crafted in USA",194,Active,44.99,C10X3-5,B0F85Y7VBV,"Create your own magnet design with a personal touch; select your preferred text, font size, and images to highlight your ideas for personal or business purposes. You can also upload images to personalize your car or any magnetic surface at home. It can be used for a variety of purposes, including expressing yourself by adding messages and characters to your design | Customize your vehicle or home with this good-quality personalized magnet made from our most durable magnetic vinyl. Ideal for trucks, lockers, mailboxes, refrigerators, and more, this versatile magnet is built to last. It is waterproof and heat-resistant, making it ideal for outdoor use. Printed with UV-resistant inks, it remains fade-resistant. Our magnets are non-reflective, ensuring they blend seamlessly with any surface. 𝐍𝐨𝐭𝐞: 𝐄𝐧𝐬𝐮𝐫𝐞 𝐲𝐨𝐮𝐫 𝐬𝐮𝐫𝐟𝐚𝐜𝐞 𝐢𝐬 𝐦𝐚𝐝𝐞 𝐨𝐟 𝐬𝐭𝐞𝐞𝐥. 𝐓𝐡𝐢𝐬 𝐦𝐚𝐠𝐧𝐞𝐭 𝐰𝐢𝐥𝐥 𝐧𝐨𝐭 𝐚𝐝𝐡𝐞𝐫𝐞 𝐭𝐨 𝐟𝐢𝐛𝐞𝐫𝐠𝐥𝐚𝐬𝐬, 𝐩𝐥𝐚𝐬𝐭𝐢𝐜, 𝐚𝐥𝐮𝐦𝐢𝐧𝐮𝐦, 𝐨𝐫 𝐚𝐧𝐲 𝐨𝐭𝐡𝐞𝐫 𝐧𝐨𝐧-𝐦𝐞𝐭𝐚𝐥 𝐬𝐮𝐫𝐟𝐚𝐜𝐞𝐬. | Choose your size; choose your magnet standard size from the dropdown menu to achieve the exact look you desire for your vehicle. Available sizes: 10x3 Inch (1 count) 8x3 Inch (1 count), 5 Inch Round (1 count, 25,50, 100 pcs), 6 inch Round (1 count), 5 Inch Pawprint (1 count), 4x6 Inches Oval (1 count),3.5x2 (25 pcs), 3.5x2 (50 pcs), 3.5x2 (100 pcs), 2x7 dog bone | High-resolution digital printing; this magnet is made of durable and long-lasting 30 mil thick magnetic vinyl. It has a very strong adhesive backing and will adhere to any magnetic surface, making it ideal for most applications. High-resolution digital printing is a sophisticated technique that employs cutting-edge inkjet technology. As a result, you get a vibrant, colorful finish that is not only simple to apply but also looks great on your vehicle. | Care and instructions; clean the surface thoroughly with a damp cloth and non-abrasive cleanser. Ensure the surface is fully dry place the magnet on the desired surface. This automotive magnet is removable and reusable.","Custom Rectangle Car Magnet 10x3 Inch 5 Pack, Image and Text",NO,2026-09-01T08:33:18.602Z
5-EXCLUDED_NO_SKU_MATCH,B0CZLZCJ85,"Magnet Me Up Custom 8x3 Inch Rectangle Magnet, 5 Pack, Customizable for Businesses, Personal Use, Choose Your Text, Upload Image, Magnetic Vinyl for Car and Any Magnetic Surface, Crafted in USA",193,Active,39.99,C8X3-5,B0F85Y7VBV,"Create your own magnet design with a personal touch; select your preferred text, font size, and images to highlight your ideas for personal or business purposes. You can also upload images to personalize your car or any magnetic surface at home. It can be used for a variety of purposes, including expressing yourself by adding messages and characters to your design | Customize your vehicle or home with this good-quality personalized magnet made from our most durable magnetic vinyl. Ideal for trucks, lockers, mailboxes, refrigerators, and more, this versatile magnet is built to last. It is waterproof and heat-resistant, making it ideal for outdoor use. Printed with UV-resistant inks, it remains fade-resistant. Our magnets are non-reflective, ensuring they blend seamlessly with any surface. 𝐍𝐨𝐭𝐞: 𝐄𝐧𝐬𝐮𝐫𝐞 𝐲𝐨𝐮𝐫 𝐬𝐮𝐫𝐟𝐚𝐜𝐞 𝐢𝐬 𝐦𝐚𝐝𝐞 𝐨𝐟 𝐬𝐭𝐞𝐞𝐥. 𝐓𝐡𝐢𝐬 𝐦𝐚𝐠𝐧𝐞𝐭 𝐰𝐢𝐥𝐥 𝐧𝐨𝐭 𝐚𝐝𝐡𝐞𝐫𝐞 𝐭𝐨 𝐟𝐢𝐛𝐞𝐫𝐠𝐥𝐚𝐬𝐬, 𝐩𝐥𝐚𝐬𝐭𝐢𝐜, 𝐚𝐥𝐮𝐦𝐢𝐧𝐮𝐦, 𝐨𝐫 𝐚𝐧𝐲 𝐨𝐭𝐡𝐞𝐫 𝐧𝐨𝐧-𝐦𝐞𝐭𝐚𝐥 𝐬𝐮𝐫𝐟𝐚𝐜𝐞𝐬. | Choose your size; choose your magnet standard size from the dropdown menu to achieve the exact look you desire for your vehicle. Available sizes: 10x3 Inch (1 count) 8x3 Inch (1 count), 5 Inch Round (1 count, 25,50, 100 pcs), 6 inch Round (1 count), 5 Inch Pawprint (1 count), 4x6 Inches Oval (1 count),3.5x2 (25 pcs), 3.5x2 (50 pcs), 3.5x2 (100 pcs), 2x7 dog bone | High-resolution digital printing; this magnet is made of durable and long-lasting 30 mil thick magnetic vinyl. It has a very strong adhesive backing and will adhere to any magnetic surface, making it ideal for most applications. High-resolution digital printing is a sophisticated technique that employs cutting-edge inkjet technology. As a result, you get a vibrant, colorful finish that is not only simple to apply but also looks great on your vehicle. | Care and instructions; clean the surface thoroughly with a damp cloth and non-abrasive cleanser. Ensure the surface is fully dry place the magnet on the desired surface. This automotive magnet is removable and reusable.","Custom Rectangle Car Magnet 8x3 Inch 5 Pack, Image and Text",NO,2026-09-01T08:33:18.602Z
5-EXCLUDED_NO_SKU_MATCH,B0GTJNSCGZ,"Custom Die Cut Sticker Personalized - Full Color UV Printed Vinyl Sticker Decal for Logo, Image, Text, Shape and Size, Waterproof, Bumper, Laptop - Fade Resistant, Made in USA, Business, Logo, School",199,Active,12.59,CSTICKERDIE-1,,"⭐ 𝗖𝘂𝘀𝘁𝗼𝗺 𝗗𝗶𝗲 𝗖𝘂𝘁 𝗦𝘁𝗶𝗰𝗸𝗲𝗿 𝗣𝗲𝗿𝘀𝗼𝗻𝗮𝗹𝗶𝘇𝗲𝗱 - Create a fully customized die-cut sticker with your own logo, image, text, or label design. Perfect for business branding, advertising, promotions, events, and personal expression. | 🎨 𝗙𝘂𝗹𝗹 𝗖𝗼𝗹𝗼𝗿 𝗨𝗩 𝗣𝗿𝗶𝗻𝘁𝗲𝗱 𝗩𝗶𝗻𝘆𝗹 - Printed using advanced UV ink technology for bold, vibrant color and sharp detail. Each vinyl sticker decal is precision die-cut to match your exact design shape for a clean, professional finish. | 🛡️ 𝗪𝗮𝘁𝗲𝗿𝗽𝗿𝗼𝗼𝗳 & 𝗙𝗮𝗱𝗲 𝗥𝗲𝘀𝗶𝘀𝘁𝗮𝗻𝘁 - Designed for indoor and outdoor use, this waterproof vinyl sticker resists fading, rain, sun exposure, and daily wear. Ideal as a bumper sticker, laptop sticker, toolbox label, or business advertising decal. | ⭐ 𝗠𝗮𝗱𝗲 𝗶𝗻 𝘁𝗵𝗲 𝗨𝗦𝗔 - Proudly produced in the USA using premium vinyl and full-color UV printing for vibrant, long-lasting results. Each personalized sticker is crafted with attention to detail and is ready for business branding, advertising, or personal use. | 📝 𝗘𝗮𝘀𝘆 𝗔𝗽𝗽𝗹𝗶𝗰𝗮𝘁𝗶𝗼𝗻 & 𝗖𝗮𝗿𝗲 𝗜𝗻𝘀𝘁𝗿𝘂𝗰𝘁𝗶𝗼𝗻𝘀 - Apply your custom die-cut sticker personalized design to a clean, dry, smooth surface. Press firmly from the center outward to remove air bubbles. The decal can be removed after up to 6 months and will leave no residue behind.","Custom Die-Cut Adhesive Sticker, Upload Logo, Made in USA",NO,2026-09-01T08:33:18.602Z
5-EXCLUDED_NO_SKU_MATCH,B0DJWKNTB8,"Magnet Me Up Custom Die Cut Car Magnet, Personalized Shape and Design, Business Logos, Events, Personal Use, Multiple Sizes, Upload Image, Add Text, Custom Signs, Van Accessories, Crafted in USA",194,Active,13.99,CDIEC-1,,"Create your own magnet design with a personal touch; select your preferred text, font size, and images to highlight your ideas for personal or business purposes. You can also upload images to personalize your car or any magnetic surface at home. It can be used for a variety of purposes, including expressing yourself by adding messages and characters to your design | Customize your vehicle or home with this good-quality personalized magnet. Ideal for trucks, lockers, mailboxes, refrigerators, and more. It is waterproof and heat-resistant, making it ideal for outdoor use. 𝐍𝐨𝐭𝐞: 𝐄𝐧𝐬𝐮𝐫𝐞 𝐲𝐨𝐮𝐫 𝐬𝐮𝐫𝐟𝐚𝐜𝐞 𝐢𝐬 𝐦𝐚𝐝𝐞 𝐨𝐟 𝐬𝐭𝐞𝐞𝐥. 𝐓𝐡𝐢𝐬 𝐦𝐚𝐠𝐧𝐞𝐭 𝐰𝐢𝐥𝐥 𝐧𝐨𝐭 𝐚𝐝𝐡𝐞𝐫𝐞 𝐭𝐨 𝐟𝐢𝐛𝐞𝐫𝐠𝐥𝐚𝐬𝐬, 𝐩𝐥𝐚𝐬𝐭𝐢𝐜, 𝐚𝐥𝐮𝐦𝐢𝐧𝐮𝐦, 𝐨𝐫 𝐚𝐧𝐲 𝐨𝐭𝐡𝐞𝐫 𝐧𝐨𝐧-𝐦𝐞𝐭𝐚𝐥 𝐬𝐮𝐫𝐟𝐚𝐜𝐞𝐬. | Choose your size; choose your magnet standard size from the dropdown menu to achieve the exact look you desire for your vehicle. | High-resolution digital printing; this magnet is made of durable and long-lasting 30 mil thick magnetic vinyl. It has a very strong adhesive backing and will adhere to any magnetic surface, making it ideal for most applications. High-resolution digital printing is a sophisticated technique that employs cutting-edge inkjet technology. As a result, you get a vibrant, colorful finish that is not only simple to apply but also looks great on your vehicle. | Care and instructions; clean the surface thoroughly with a damp cloth and non-abrasive cleanser. Ensure the surface is fully dry place the magnet on the desired surface. This automotive magnet is removable and reusable.","Custom Die Cut Car Magnet, Personalized Shape and Design",NO,2026-09-01T08:33:18.602Z
5-EXCLUDED_NO_SKU_MATCH,B0DNTXHVMB,"Magnet Me Up Custom Luggage Tags, 3x5 inch, 2 PK, Personalized Tags for Bags, Suitcase, Customizable with Your Name, Design or Logo, Ideal for Travel, Gifting, and Easy Identification, Crafted in USA",199,Active,9.99,CLUGGAGE-1,,"𝗘𝗹𝗲𝘃𝗮𝘁𝗲 𝘆𝗼𝘂𝗿 𝘁𝗿𝗮𝘃𝗲𝗹 𝗲𝘅𝗽𝗲𝗿𝗶𝗲𝗻𝗰𝗲 𝘄𝗶𝘁𝗵 𝗼𝘂𝗿 𝗖𝘂𝘀𝘁𝗼𝗺 𝗟𝘂𝗴𝗴𝗮𝗴𝗲 𝗧𝗮𝗴𝘀. These stylish and durable tags are the perfect way to personalize your luggage and ensure easy identification. Quickly and easily identify your luggage on the baggage carousel. | 𝗦𝗹𝗲𝗲𝗸 𝗮𝗻𝗱 𝘀𝘁𝘆𝗹𝗶𝘀𝗵 𝗱𝗲𝘀𝗶𝗴𝗻; highlight the modern and attractive design that complements any luggage style. Highlight the opportunity to add a personal touch to your luggage, making it stand out from the crowd. | 𝗗𝘂𝗿𝗮𝗯𝗹𝗲 𝗮𝗻𝗱 𝗽𝗿𝗮𝗰𝘁𝗶𝗰𝗮𝗹; the 60-mil thickness ensures our custom tags are sturdy yet lightweight, making them easy to hang or display. Made from long-lasting styrene, these luggage tags are built to endure years of use, with a removable string for convenient hanging. | 𝗜𝗱𝗲𝗮𝗹 𝗳𝗼𝗿 𝗴𝗶𝗳𝘁𝗶𝗻𝗴; great for friends, family, or coworkers, these custom tags make a thoughtful and practical gift for any occasion. A stylish and functional accessory for students' adventures abroad and professional business trips. | 𝗖𝗿𝗮𝗳𝘁𝗲𝗱 𝗶𝗻 𝗨𝗦𝗔; each luggage tag is expertly handcrafted in the United States, ensuring exceptional quality and durability.","Custom Luggage Tags for Travel Bags, Suitcase, 3x5 inch, 2 Pack",NO,2026-09-01T08:33:18.602Z
